uid,kind,label,recovered,sde,tic,split,depth,period
TOI:6685.01,real,-1,False,-0.351773531475669,6764171,train,,
sim:6764171:0,sim,1,True,35.41585454928755,6764171,train,0.3380142052132424,7.37928572751593
sim:6764171:1,sim,1,True,45.50661427096709,6764171,train,0.0325023997179297,0.7899771270031782
TOI:5717.01,real,-1,False,8.673618022019724,53481079,train,,
sim:53481079:0,sim,1,True,31.89937896628369,53481079,train,0.1372884978368683,0.8217206657595
sim:53481079:1,sim,3,True,12.70006946844024,53481079,train,0.0,2.701992171096489
TOI:5355.01,real,-1,True,22.155096963737694,96170689,train,,
sim:96170689:0,sim,3,True,16.012796627228603,96170689,train,0.0002139530992706,5.080769279667932
sim:96170689:1,sim,2,True,9.308051770657142,96170689,train,0.0013258926454534,1.822001830740794
TOI:6333.01,real,-1,False,0.689953976957179,5724439,test,,
sim:5724439:0,sim,2,True,7.634265741760938,5724439,test,0.0032192770815013,2.1177856287587558
sim:5724439:1,sim,0,True,11.3333115890578,5724439,test,0.000869940275435,3.285628321820318
TOI:1701.01,real,-1,True,30.19477205261627,274215536,train,,
sim:274215536:0,sim,3,True,13.391769361671312,274215536,train,0.0002248780589672,23.70476380385812
sim:274215536:1,sim,3,True,12.93708241054298,274215536,train,0.00032090054891,2.9954269297671607
TOI:5566.01,real,-1,False,4.602187420312586,73250068,train,,
sim:73250068:0,sim,1,True,45.71531436458904,73250068,train,0.0269626819749915,5.718947180818217
sim:73250068:1,sim,0,False,0.0,73250068,train,0.0012933313900337,0.8452720977490338
TOI:4203.01,real,-1,True,14.7319185820823,72494421,train,,
sim:72494421:0,sim,2,False,0.0,72494421,train,0.0027380955667257,2.713062871249849
sim:72494421:1,sim,1,True,12.98026385597871,72494421,train,0.0481794944035507,2.252186245762765
TOI:2026.01,real,-1,True,12.155114931228796,407059875,train,,
sim:407059875:0,sim,0,True,56.453386720816944,407059875,train,0.0233155505853942,6.87991715941485
sim:407059875:1,sim,3,True,33.83805427427567,407059875,train,0.0006471006371978,14.474121379175935
TOI:5324.01,real,-1,True,28.28091252291884,408643099,train,,
sim:408643099:0,sim,1,True,27.01169214471389,408643099,train,0.1207817403996465,13.89531938567262
sim:408643099:1,sim,3,True,20.37026562815537,408643099,train,0.0,3.834749250211585
TOI:6727.01,real,-1,False,-2.866848590060719,47482754,train,,
sim:47482754:0,sim,1,False,0.0,47482754,train,0.0017972493015235,2.1322567139927338
sim:47482754:1,sim,2,False,0.0,47482754,train,0.0030144708461449,22.689048806637427
TOI:4174.01,real,-1,False,1.5041748930964034,356822426,train,,
sim:356822426:0,sim,0,True,13.066375229062526,356822426,train,0.0016862920845049,0.9501571191705506
sim:356822426:1,sim,2,True,21.745774529374728,356822426,train,0.0251553602706336,5.073602300555003
TOI:5159.01,real,-1,False,2.702581971823972,286712787,train,,
TOI:5159.02,real,-1,False,3.4128482961453592,286712787,train,,
sim:286712787:0,sim,0,True,35.817906438965,286712787,train,0.0147233067478481,0.5678619651030595
sim:286712787:1,sim,3,True,11.33263559952569,286712787,train,0.0,20.526763912980773
TOI:6637.01,real,-1,False,0.5249776008043834,256124756,train,,
sim:256124756:0,sim,3,True,22.64922462974219,256124756,train,0.0,1.365023590704218
sim:256124756:1,sim,1,True,23.69894665037528,256124756,train,0.3844298828838055,4.684946701428393
TOI:2484.01,real,-1,True,12.205918011266249,68035559,train,,
sim:68035559:0,sim,2,True,28.310627995269652,68035559,train,0.0205914457515712,0.665380129079491
sim:68035559:1,sim,2,False,0.0,68035559,train,0.0013752423569871,8.531550422165777
TOI:6202.01,real,-1,True,41.2019168529271,422223456,train,,
sim:422223456:0,sim,2,False,0.0,422223456,train,0.0006337301777957,3.616072124695768
sim:422223456:1,sim,3,True,9.971693099052336,422223456,train,0.0,29.76323615861351
TOI:3516.01,real,-1,True,38.09661033911063,30254887,val,,
sim:30254887:0,sim,3,True,18.93448109774883,30254887,val,0.0,4.666631481147769
sim:30254887:1,sim,0,True,28.74327249330913,30254887,val,0.0022505491168943,3.5587378268841645
TOI:1784.01,real,-1,False,12.815898341515195,241196395,train,,
sim:241196395:0,sim,0,False,0.0,241196395,train,0.0014023475535087,17.267198966493037
sim:241196395:1,sim,1,True,37.85193702866352,241196395,train,0.1050710160758054,3.158738313414811
TOI:5336.01,real,-1,False,15.656687206421248,430099722,test,,
sim:430099722:0,sim,0,False,0.0,430099722,test,0.0030396600982695,0.551447141743193
sim:430099722:1,sim,2,True,10.505414615479143,430099722,test,0.0383577117854623,0.5170131483300202
TOI:4389.01,real,-1,False,-0.2210108658893155,41387532,train,,
sim:41387532:0,sim,0,False,0.0,41387532,train,0.0003447376984699,0.7994465762223126
sim:41387532:1,sim,0,False,0.0,41387532,train,0.0002529433190104,5.079589616674126
TOI:252.01,real,-1,False,0.0,237924601,train,,
sim:237924601:0,sim,3,False,0.0,237924601,train,0.0031161551428567,13.710742297510375
sim:237924601:1,sim,1,True,20.482970713623,237924601,train,0.5826257704027273,2.5126892319437086
TOI:4705.01,real,-1,True,31.45462267325286,436637677,train,,
sim:436637677:0,sim,3,True,15.938654417758448,436637677,train,0.0,9.42853439546602
sim:436637677:1,sim,3,True,15.9078199934198,436637677,train,0.0008574890314159,13.981474949488613
TOI:4125.01,real,-1,True,40.698796007849566,147761049,train,,
sim:147761049:0,sim,1,True,35.994733143427126,147761049,train,0.0216671951411795,8.377799452860879
sim:147761049:1,sim,2,True,21.72821420876368,147761049,train,0.0523987075096132,26.66353731049163
TOI:5481.01,real,-1,True,22.034056238674975,69295263,test,,
sim:69295263:0,sim,2,False,0.0,69295263,test,0.0022440583210069,3.0664784201378827
sim:69295263:1,sim,2,True,16.827155241732825,69295263,test,0.004817406219121,0.6426736602533707
TOI:6732.01,real,-1,False,10.790048876474684,349891396,train,,
sim:349891396:0,sim,3,True,9.785682965856674,349891396,train,0.0002217778224522,2.31725984064713
sim:349891396:1,sim,0,False,0.0,349891396,train,0.0047372152898782,0.8161735146090636
TOI:1457.01,real,-1,True,46.47222764768552,176860064,train,,
sim:176860064:0,sim,0,True,39.56874671079839,176860064,train,0.0217727502583099,3.121476555416025
sim:176860064:1,sim,3,True,14.730285052480786,176860064,train,0.0,8.308211498313028
TOI:3277.01,real,-1,True,48.097110904959486,319568619,train,,
sim:319568619:0,sim,0,True,48.3864872705944,319568619,train,0.0221016861358031,2.585139292613884
sim:319568619:1,sim,0,True,47.0844668747373,319568619,train,0.0236931690452341,0.9270926899752758
TOI:6253.01,real,-1,False,0.0,287152495,train,,
sim:287152495:0,sim,1,False,0.0,287152495,train,0.0024924970795399,0.6465784062516869
sim:287152495:1,sim,1,True,25.11137770162475,287152495,train,0.3001954591232979,21.736481249588994
TOI:6127.01,real,-1,True,23.238041395320405,313975346,test,,
sim:313975346:0,sim,2,False,0.0,313975346,test,0.0002599733137915,10.064449680616583
sim:313975346:1,sim,2,False,0.0,313975346,test,0.0001674480710388,9.496849663769058
TOI:2515.01,real,-1,True,49.414272830046286,123627908,train,,
sim:123627908:0,sim,3,True,17.647249344148502,123627908,train,0.0014699741931268,2.0453179884841983
sim:123627908:1,sim,2,False,0.0,123627908,train,0.0240638197164371,0.6017321919654015
TOI:3835.01,real,-1,True,17.774854398128237,330795142,val,,
sim:330795142:0,sim,0,True,11.942449763233489,330795142,val,0.002333691535321,2.003668893829064
sim:330795142:1,sim,3,False,0.0,330795142,val,0.0,2.7780485527848944
TOI:3741.01,real,-1,True,38.550611160151085,701926762,train,,
sim:87597187:0,sim,1,True,42.906551667417226,701926762,train,0.1181561931550501,0.8978190649914665
sim:87597187:1,sim,2,False,0.0,701926762,train,0.0001940879049792,0.7972086370576356
TOI:6738.01,real,-1,False,11.622378541338458,89417257,train,,
sim:89417257:0,sim,2,False,0.0,89417257,train,0.001655048062833,4.580793623853784
sim:89417257:1,sim,3,True,10.857152122940056,89417257,train,0.0042297664213202,4.509908282028946
TOI:2836.01,real,-1,True,33.22363166808264,144628120,train,,
sim:144628120:0,sim,2,False,0.0,144628120,train,0.0031340329668962,4.676799423864844
sim:144628120:1,sim,2,False,0.0,144628120,train,0.0010568142092458,3.866976701901349
TOI:2614.01,real,-1,True,35.37664968722576,263075864,train,,
sim:263075864:0,sim,0,True,29.5923981752956,263075864,train,0.0038305099525706,0.5158872342447918
sim:263075864:1,sim,2,True,19.973357467562657,263075864,train,0.0059587192833369,1.1550773790659965
TOI:5322.01,real,-1,True,36.65532949093847,336691874,test,,
sim:336691874:0,sim,3,True,11.666034617030489,336691874,test,0.0006598538060803,2.116783632497063
sim:336691874:1,sim,1,True,11.810515502007048,336691874,test,0.081710195614904,1.2359507754769543
TOI:4104.01,real,-1,True,33.79805193929434,235664497,train,,
sim:235664497:0,sim,3,False,0.0,235664497,train,0.0,1.521061091603933
sim:235664497:1,sim,1,False,0.0,235664497,train,0.168781462207371,29.453522602587928
TOI:4590.01,real,-1,False,0.0,154923406,train,,
sim:154923406:0,sim,0,True,39.27896451879042,154923406,train,0.0034604130801211,8.824031185946064
sim:154923406:1,sim,1,True,21.951418253999904,154923406,train,0.2368104654153378,0.6842537517974494
TOI:3593.01,real,-1,True,27.49287783632001,162289289,test,,
sim:162289289:0,sim,1,True,28.273394773986556,162289289,test,0.0809834287079108,19.721966516775463
sim:162289289:1,sim,1,True,32.44245668526883,162289289,test,0.2441351161805904,0.7813926020786504
TOI:3872.01,real,-1,True,13.63018453954351,165431806,train,,
sim:165431806:0,sim,3,True,17.279075226383522,165431806,train,0.0003856798696412,1.3486067480928197
sim:165431806:1,sim,0,True,19.244814594748007,165431806,train,0.0130529713682714,1.6924066909055997
TOI:4597.01,real,-1,True,29.085866933826757,68573534,val,,
sim:68573534:0,sim,3,False,0.0,68573534,val,0.0006755775634293,1.8527729480577275
sim:68573534:1,sim,3,False,0.0,68573534,val,0.0,2.2739627986232707
TOI:5608.01,real,-1,False,0.5609837640790792,229713401,train,,
sim:229713401:0,sim,2,False,0.0,229713401,train,0.0010530892351677,13.922197154281331
sim:229713401:1,sim,2,False,0.0,229713401,train,0.000330240356039,1.4102860088987608
TOI:6188.01,real,-1,False,0.0,469702377,train,,
sim:469702377:0,sim,2,False,0.0,469702377,train,0.0008132928400563,3.5477527878914543
sim:469702377:1,sim,0,True,43.813672835433856,469702377,train,0.008201462688862,2.6560665112082127
TOI:5190.01,real,-1,True,27.337783390380807,289574465,train,,
sim:289574465:0,sim,2,True,17.302560244620487,289574465,train,0.0017097707482519,0.7729257856327615
sim:289574465:1,sim,1,True,19.147801652201043,289574465,train,0.3988813586719254,2.364636707341824
TOI:2306.01,real,-1,True,35.71218299288288,147284470,train,,
sim:147284470:0,sim,1,True,34.41172077077573,147284470,train,0.0336551453688003,1.1660711291141537
sim:147284470:1,sim,1,True,20.92312407424866,147284470,train,0.0671533266487444,0.5658468502377167
TOI:3944.01,real,-1,False,-0.308507290480819,338065029,test,,
sim:338065029:0,sim,3,True,22.581662992465983,338065029,test,0.0,11.784750273306376
sim:338065029:1,sim,1,True,38.52104986731982,338065029,test,0.5512156922550776,0.8949587165567938
TOI:3939.01,real,-1,True,36.44900830246567,366115856,train,,
sim:366115856:0,sim,0,False,0.0,366115856,train,0.0001702999559911,25.652563002259622
sim:366115856:1,sim,3,True,19.85186493651207,366115856,train,0.0,7.509400114370313
TOI:3873.01,real,-1,True,40.21050027187309,154126149,test,,
sim:154126149:0,sim,2,False,0.0,154126149,test,0.000740882648355,1.4331079459359333
sim:154126149:1,sim,0,True,30.471553055574407,154126149,test,0.0228865120990334,10.351077625798686
TOI:1987.01,real,-1,True,13.224551536123691,349088467,train,,
sim:349088467:0,sim,0,False,0.0,349088467,train,0.0003360120004818,4.3145784604334105
sim:349088467:1,sim,2,False,0.0,349088467,train,0.0036171650139654,13.580107722064
TOI:2888.01,real,-1,False,0.0,80713983,train,,
sim:80713983:0,sim,2,False,0.0,80713983,train,6.313961841719617e-05,0.9430322401542612
sim:80713983:1,sim,0,False,0.0,80713983,train,0.0030675421513991,3.2830399701946726
TOI:6230.01,real,-1,True,30.50128379247607,252610172,train,,
sim:252610172:0,sim,2,False,0.0,252610172,train,0.0008646141048235,2.338172744410483
sim:252610172:1,sim,0,False,0.0,252610172,train,0.0004290644189794,1.263026523703627
sim:376847633:0,sim,1,True,28.05992050739236,376847633,train,0.0793046745674954,11.89469166655809
sim:376847633:1,sim,1,True,28.63755730049031,376847633,train,0.4915045210924624,7.147897826258565
TOI:3716.01,real,-1,True,16.726533603950923,155351556,train,,
sim:155351556:0,sim,2,False,0.0,155351556,train,0.0194204373602457,1.6479103589977888
sim:155351556:1,sim,0,False,0.0,155351556,train,0.0013176961092831,27.128299730404542
TOI:5506.01,real,-1,False,17.46508359513635,385312460,train,,
sim:385312460:0,sim,0,False,0.0,385312460,train,0.0004307163422277,1.0348157250217398
sim:385312460:1,sim,1,True,29.535288186185795,385312460,train,0.056714257015945,0.7996721371521827
TOI:2791.01,real,-1,True,40.63386769291085,237406657,train,,
sim:237406657:0,sim,3,True,10.031370281814032,237406657,train,0.0001403502385904,11.878806667185264
sim:237406657:1,sim,1,True,21.08565004568872,237406657,train,0.2420307068389389,1.192147504831541
TOI:5709.01,real,-1,False,0.0,286813592,train,,
sim:286813592:0,sim,2,True,21.569912514480745,286813592,train,0.0078353743368335,0.5989120603251139
sim:286813592:1,sim,3,False,0.0,286813592,train,0.0004333162804123,3.0292419034239093
TOI:5677.01,real,-1,False,5.98050563441599,287959034,test,,
sim:287959034:0,sim,0,False,0.0,287959034,test,0.0026888868094004,6.843089913175307
sim:287959034:1,sim,3,True,8.434008546145703,287959034,test,0.0,1.8008490937134278
TOI:4750.01,real,-1,True,46.92003651643954,317189702,train,,
sim:317189702:0,sim,0,False,0.0,317189702,train,0.0003004828816288,23.872578643336738
sim:317189702:1,sim,0,False,0.0,317189702,train,0.0002283926204262,5.166556991015044
TOI:374.01,real,-1,True,32.04395848415728,183675732,test,,
sim:183675732:0,sim,3,True,12.623470542743137,183675732,test,0.0,21.767371949895622
sim:183675732:1,sim,0,True,30.12456343984594,183675732,test,0.0086434637818213,1.052841444677184
TOI:1746.01,real,-1,False,0.0,232650365,train,,
TOI:1746.02,real,-1,False,0.0,232650365,train,,
sim:232650365:0,sim,1,True,36.960873563610015,232650365,train,0.0792566360078943,1.8557664113613492
sim:232650365:1,sim,3,False,0.0,232650365,train,0.0,1.0097526778307806
TOI:6684.01,real,-1,True,52.7019997252223,273270473,train,,
sim:273270473:0,sim,0,True,24.10116755254703,273270473,train,0.004690724679141,0.7718593808416975
sim:273270473:1,sim,2,False,0.0,273270473,train,0.0166462889586982,0.5772988684785128
TOI:3496.01,real,-1,False,14.463935027775475,448358913,train,,
sim:448358913:0,sim,1,True,23.4751448069468,448358913,train,0.0732653214612024,0.96946373777035
sim:448358913:1,sim,1,True,16.226798962415995,448358913,train,0.3613719672988524,0.7885431423963656
TOI:5945.01,real,-1,True,29.03690229371129,159104028,train,,
sim:159104028:0,sim,3,True,14.784609535657896,159104028,train,0.0,24.694405466824083
sim:159104028:1,sim,1,True,42.94196585926263,159104028,train,0.0601259455301782,2.96967651674625
TOI:939.01,real,-1,True,22.32279107533033,67772767,train,,
sim:67772767:0,sim,3,True,14.978364774644502,67772767,train,0.0001921255976696,9.313472439100003
sim:67772767:1,sim,1,True,10.680727727682807,67772767,train,0.0942674882244354,1.0171383140023735
TOI:209.01,real,-1,False,5.3004676970278695,52204645,train,,
sim:52204645:0,sim,3,True,11.585247526832305,52204645,train,0.0,0.7013919025856156
sim:52204645:1,sim,0,True,26.013891060750225,52204645,train,0.0065460337642808,0.6789785228766376
TOI:394.01,real,-1,False,0.0,9858404,train,,
sim:9858404:0,sim,0,True,11.10710414748242,9858404,train,0.0004316037144785,6.413233334907146
sim:9858404:1,sim,0,False,0.0,9858404,train,0.0147176285983733,26.521412336225072
TOI:4652.01,real,-1,False,4.772786079349238,139877968,train,,
sim:139877968:0,sim,1,False,0.0,139877968,train,0.013697119386654,16.7981692918837
sim:139877968:1,sim,2,False,0.0,139877968,train,0.0027684704968234,13.465344595066547
TOI:5359.01,real,-1,False,2.056682241317473,90767677,train,,
sim:90767677:0,sim,0,False,0.0,90767677,train,0.0005832773363619,4.390781084627013
sim:90767677:1,sim,2,False,0.0,90767677,train,0.0029421056782107,4.699653360707158
TOI:739.01,real,-1,True,17.712741601064124,279425357,train,,
sim:279425357:0,sim,3,True,10.556623821849229,279425357,train,0.0001207039926721,0.7912085290853698
sim:279425357:1,sim,2,True,21.828923648193,279425357,train,0.0039260753679399,18.21259462679989
TOI:6128.01,real,-1,False,14.70543913571116,100769500,train,,
sim:100769500:0,sim,0,False,0.0,100769500,train,0.0249330969870651,0.5774200611421352
sim:100769500:1,sim,3,False,0.0,100769500,train,0.0040338536396344,0.8119472933289643
TOI:3689.01,real,-1,True,38.01363848778487,241135327,train,,
sim:241135327:0,sim,3,False,0.0,241135327,train,0.0003282539910057,13.258296366240463
sim:241135327:1,sim,2,False,0.0,241135327,train,0.0061182903173849,1.5565547226018892
TOI:3965.01,real,-1,True,38.608479118640936,269043098,train,,
sim:269043098:0,sim,3,False,0.0,269043098,train,0.0,11.027872436279829
sim:269043098:1,sim,0,False,0.0,269043098,train,0.0005299786805372,2.423858790326014
TOI:5143.01,real,-1,True,56.97298175656711,281837575,test,,
TOI:5143.02,real,-1,True,15.72285188434575,281837575,test,,
sim:281837575:0,sim,2,False,0.0,281837575,test,0.0009378796712278,9.042083487248023
sim:281837575:1,sim,0,False,0.0,281837575,test,0.0023412368957408,6.348404284180947
TOI:5180.01,real,-1,False,0.0,346972413,train,,
sim:346972413:0,sim,0,False,0.0,346972413,train,0.0002615127173881,1.9645307737030795
sim:346972413:1,sim,0,False,0.0,346972413,train,0.0017394432033155,3.222022058021162
TOI:3284.01,real,-1,False,0.0621103102480902,166220082,train,,
sim:166220082:0,sim,2,True,12.770725070601417,166220082,train,0.0007051537135408,0.7650941721590074
sim:166220082:1,sim,1,False,0.0,166220082,train,0.3326357718108793,1.5752025565689527
TOI:6485.01,real,-1,True,40.30195213088061,281286325,val,,
TCE:00281286325-01,real,-1,False,13.53179136370904,281286325,val,,
sim:281286325:0,sim,3,False,0.0,281286325,val,0.003389589417218,1.6918352369175471
sim:281286325:1,sim,3,False,0.0,281286325,val,0.0022163981413083,25.42631827536793
TOI:5131.01,real,-1,True,28.762262492354203,350043412,train,,
sim:350043412:0,sim,2,True,25.90452277319116,350043412,train,0.0187129375572887,1.8612343071127384
sim:350043412:1,sim,1,True,24.717074513035616,350043412,train,0.2899189856948186,12.037672411130076
TOI:3266.01,real,-1,True,27.124718422252883,451566438,train,,
sim:451566438:0,sim,3,True,16.423227126587324,451566438,train,0.0,0.6623876407325701
sim:451566438:1,sim,3,True,17.37680760010527,451566438,train,0.0001718491294698,11.01658565416736
TOI:6105.01,real,-1,True,52.679986613112746,182405015,train,,
sim:182405015:0,sim,3,True,15.4167928333907,182405015,train,0.0,4.844730317772788
sim:182405015:1,sim,2,True,33.705210287435435,182405015,train,0.0021852568656861,1.411506049970983
TOI:4580.01,real,-1,False,1.1043542315072352,219742885,train,,
sim:219742885:0,sim,0,True,28.867729654492365,219742885,train,0.0047125566258224,5.541978001628622
sim:219742885:1,sim,1,True,24.62232909276901,219742885,train,0.0448827568764764,0.7195769346169971
TOI:6175.01,real,-1,True,32.53879191263198,258738570,train,,
sim:258738570:0,sim,2,False,0.0,258738570,train,0.0006193664904109,1.7025496937859452
sim:258738570:1,sim,1,True,16.49344247506463,258738570,train,0.5827961312036851,0.5359739436182207
TOI:3002.01,real,-1,True,39.07650348845459,402053027,test,,
sim:402053027:0,sim,2,True,14.674104164299637,402053027,test,0.0044062564254696,0.7216780827090735
sim:402053027:1,sim,3,True,9.908739083676988,402053027,test,0.0017233105807777,10.925066133074164
sim:147193084:0,sim,2,False,0.0,147193084,test,6.806729560082658e-05,13.268746193601308
sim:147193084:1,sim,1,True,20.11764073162692,147193084,test,0.1800708583646864,0.780083396488503
TOI:4726.01,real,-1,True,19.369012515719195,409009431,test,,
sim:409009431:0,sim,0,False,0.0,409009431,test,0.0002296100494342,7.320896981528495
sim:409009431:1,sim,1,True,23.177394411989383,409009431,test,0.0672484241108468,8.892651644223424
TOI:5455.01,real,-1,False,17.410589246017008,75171363,train,,
sim:75171363:0,sim,1,True,16.39390169415633,75171363,train,0.5466951124949675,1.956692934564232
sim:75171363:1,sim,2,False,0.0,75171363,train,0.0384690272529983,0.6938667821352273
TOI:3865.01,real,-1,True,40.8100769768669,376688393,train,,
sim:376688393:0,sim,1,True,24.276604704123084,376688393,train,0.2537441199279683,2.7293681145504136
sim:376688393:1,sim,2,False,0.0,376688393,train,0.0004024909387465,18.03924833003723
TOI:3224.01,real,-1,False,23.81525717616654,297457992,train,,
sim:297457992:0,sim,1,True,21.731677054643267,297457992,train,0.0708242788941396,1.7747194167579712
sim:297457992:1,sim,3,True,12.049429200270923,297457992,train,0.0001450722437675,12.162839899838938
TOI:4266.01,real,-1,False,7.838121769782429,442050698,val,,
sim:442050698:0,sim,2,False,0.0,442050698,val,0.0032631909613057,23.530633884658695
sim:442050698:1,sim,0,False,0.0,442050698,val,0.0015929574209794,6.502936832135795
TOI:3433.01,real,-1,True,30.25747042743007,270471065,train,,
sim:270471065:0,sim,1,True,39.013709384600496,270471065,train,0.1650366028929822,3.830582117392408
sim:270471065:1,sim,1,True,34.04000750622164,270471065,train,0.0112146246092867,1.0256397659367344
TOI:5912.01,real,-1,False,17.406161788923804,16538820,train,,
sim:16538820:0,sim,2,False,0.0,16538820,train,0.0001192361868846,8.898887008424653
sim:16538820:1,sim,0,False,0.0,16538820,train,0.0005567295121116,2.102563459573264
TOI:847.01,real,-1,True,45.67530029509078,231289421,train,,
sim:231289421:0,sim,0,True,45.46043688020957,231289421,train,0.0186847659894985,1.0689153299797027
sim:231289421:1,sim,0,True,42.36390883151873,231289421,train,0.0109615543774375,7.976994612954096
TOI:6801.01,real,-1,True,16.802449799919387,90935995,train,,
sim:90935995:0,sim,0,False,0.0,90935995,train,0.0008817609817679,10.320547577669346
sim:90935995:1,sim,1,True,10.22506162903274,90935995,train,0.0144810187352319,6.645206035506567
TOI:5625.01,real,-1,False,0.0,137020480,train,,
sim:137020480:0,sim,0,False,0.0,137020480,train,0.0008908712764508,0.6978702838203477
sim:137020480:1,sim,3,True,8.538344751120391,137020480,train,0.0048924586313354,1.9695915060729463
TOI:4050.01,real,-1,True,11.7353078922667,255865833,val,,
sim:255865833:0,sim,2,False,0.0,255865833,val,0.00253328536419,9.849375264654446
sim:255865833:1,sim,1,False,0.0,255865833,val,0.1922365922401628,1.1123666360806082
TOI:4834.01,real,-1,True,19.07145254861872,77550515,test,,
TCE:00077550515-01,real,-1,False,-1.6322966434908308,77550515,test,,
sim:77550515:0,sim,2,False,0.0,77550515,test,0.0002833401749507,3.0855096085344105
sim:77550515:1,sim,1,False,0.0,77550515,test,0.0104164504268348,9.949779282152376
TOI:5964.01,real,-1,True,44.219466649169576,200606159,train,,
CTOI:200606159.01,real,-1,False,6.651452743434571,200606159,train,,
sim:200606159:0,sim,1,True,45.389116843134,200606159,train,0.0445962497649818,8.267467922200858
sim:200606159:1,sim,1,True,35.45859237371862,200606159,train,0.3287078408288939,5.310219405733397
TOI:5032.01,real,-1,False,17.459122270403274,283665218,train,,
sim:283665218:0,sim,1,False,0.0,283665218,train,0.7800732628373706,0.5240318758634391
sim:283665218:1,sim,3,True,12.169707870204592,283665218,train,0.0,0.6138786025019228
TOI:5491.01,real,-1,False,-0.895630139413576,247166992,train,,
sim:247166992:0,sim,3,True,15.672804326601677,247166992,train,0.0,0.7376433019709833
sim:247166992:1,sim,2,False,0.0,247166992,train,0.0032463625208758,1.1466091454626326
TOI:3655.01,real,-1,True,27.132221114845617,94609570,test,,
sim:94609570:0,sim,3,True,15.80932009651851,94609570,test,0.0001482569765464,19.558353284613304
sim:94609570:1,sim,0,True,25.45367425511451,94609570,test,0.0089059289983461,8.243788689389067
TOI:4057.01,real,-1,True,23.719878388893623,230388132,train,,
sim:230388132:0,sim,1,True,32.72427471994297,230388132,train,0.1299221574908998,5.697914343398141
sim:230388132:1,sim,2,False,0.0,230388132,train,0.0013290241362843,8.51662788256603
TOI:5844.01,real,-1,True,13.44094978326581,230292034,train,,
sim:230292034:0,sim,3,True,18.302994399286955,230292034,train,0.0,6.681700429352053
sim:230292034:1,sim,0,False,0.0,230292034,train,0.0013411912816476,18.85439697307808
TOI:1015.01,real,-2,True,13.808899341265116,155044736,train,,
sim:155044736:0,sim,1,True,14.476170698246971,155044736,train,0.0801751938419986,1.8017958007012715
sim:155044736:1,sim,1,True,35.05472470186538,155044736,train,0.1911564251835078,9.57553392390284
TOI:1006.01,real,-2,True,13.600394855712644,156115721,train,,
sim:156115721:0,sim,1,True,18.68434635566599,156115721,train,0.1435669533993732,1.8515979167204164
sim:156115721:1,sim,0,True,20.468087157120536,156115721,train,0.0095042052322853,3.6728983169369807
TOI:3714.01,real,0,True,48.25730226200595,155867025,train,,
sim:155867025:0,sim,1,True,39.628875959563736,155867025,train,0.6249550666328046,2.945690543271731
sim:155867025:1,sim,0,True,26.42594016435072,155867025,train,0.0167983894250803,3.531145961808424
TOI:2407.01,real,0,True,45.17613755588814,153078576,test,,
sim:153078576:0,sim,0,True,51.474664426871584,153078576,test,0.0260000884891583,1.668567080536422
sim:153078576:1,sim,1,True,40.15805765592715,153078576,test,0.2298979328822138,3.22848076824016
TOI:691.01,real,-2,False,-0.8792205988607761,156991337,train,,
sim:156991337:0,sim,0,False,0.0,156991337,train,0.000416915402654,6.063726584016747
sim:156991337:1,sim,0,False,0.0,156991337,train,0.0028670787856001,19.11314487588139
TOI:5992.01,real,0,False,0.2916353580778058,159054620,train,,
sim:159054620:0,sim,0,False,0.0,159054620,train,0.0018552340714104,3.2752166015665334
sim:159054620:1,sim,1,False,0.0,159054620,train,0.0214933989588387,14.017567936135414
TOI:1929.01,real,0,True,40.35987436720195,157266693,train,,
sim:157266693:0,sim,1,True,32.025735233380345,157266693,train,0.1615941624236739,9.339732322280591
sim:157266693:1,sim,1,True,26.988618620676014,157266693,train,0.1029112951660191,4.222234471086499
TOI:2078.01,real,-2,False,2.0480242185066664,159244568,train,,
sim:159244568:0,sim,1,False,0.0,159244568,train,0.13941188156764,22.13017465701017
sim:159244568:1,sim,0,True,51.23057913975446,159244568,train,0.0256612638542765,10.97340870081744
TOI:247.01,real,0,True,53.218588049792274,160148385,train,,
sim:160148385:0,sim,2,True,13.843182830463403,160148385,train,0.0052220839087369,9.915241516409504
sim:160148385:1,sim,0,False,0.0,160148385,train,0.0002944126529779,3.822700747027833
TOI:7137.01,real,-2,True,49.391398396172136,161687209,train,,
sim:161687211:0,sim,1,True,15.074008137299158,161687209,train,0.1396170349772094,23.18642233066769
sim:161687211:1,sim,0,False,0.0,161687209,train,0.0035066149965935,1.4402498276840954
TOI:230.01,real,-2,False,2.517076286748892,160074939,train,,
sim:160074939:0,sim,3,True,27.5453247200662,160074939,train,0.0029351891325918,2.903462157697361
sim:160074939:1,sim,3,True,9.827203470740091,160074939,train,0.0,2.3280833244568258
TOI:553.01,real,-2,False,3.710975626911784,161477033,train,,
TOI:553.02,real,-1,False,0.2559592288238767,161477033,train,,
TOI:553.03,real,-1,False,-0.1404047675712676,161477033,train,,
sim:161477033:0,sim,2,False,0.0,161477033,train,0.0040273971084594,25.73405209856657
sim:161477033:1,sim,1,True,47.362039304636674,161477033,train,0.0601743566167414,0.8208126667607876
TOI:1319.01,real,-2,True,10.50229495730658,167098530,train,,
sim:167098530:0,sim,3,True,9.668830458204337,167098530,train,0.0,1.4738904805953332
sim:167098530:1,sim,3,True,9.668830458204337,167098530,train,0.0,9.438563937041318
TOI:2641.01,real,0,False,-0.2795647781571788,162802770,val,,
sim:162802770:0,sim,0,False,0.0,162802770,val,0.0035203328078096,23.65499511039011
sim:162802770:1,sim,0,False,0.0,162802770,val,0.0349020487069282,15.78486569865501
TOI:404.01,real,0,True,41.89790410274117,166833457,val,,
sim:166833457:0,sim,3,True,21.671383292387038,166833457,val,0.0,5.290943651793558
sim:166833457:1,sim,2,True,16.274595667724103,166833457,val,0.0135032982078203,16.11919522554562
TOI:7458.01,real,0,False,-2.763692951336026,169081296,val,,
sim:169081296:0,sim,1,True,33.799133863490624,169081296,val,0.217134013727392,3.8393174791559206
sim:169081296:1,sim,1,True,40.665832797144326,169081296,val,0.4663906589713151,10.07698777538626
TOI:675.01,real,0,True,40.676404518645015,169226822,test,,
sim:169226822:0,sim,0,False,0.0,169226822,test,0.0002567497546337,4.529191000801649
sim:169226822:1,sim,2,True,15.473234146567076,169226822,test,0.0276537403756257,11.72403679947097
TOI:329.01,real,0,True,16.628799725362107,169765334,train,,
sim:169765334:0,sim,0,True,30.015752286782657,169765334,train,0.0128025182187712,1.799870190576483
sim:169765334:1,sim,3,True,14.072598849876805,169765334,train,0.0,1.2902338612171074
TOI:413.01,real,0,True,44.15772613021894,170634116,val,,
sim:170634116:0,sim,0,True,37.65096444059825,170634116,val,0.0049095378415642,0.5975177849782427
sim:170634116:1,sim,2,False,0.0,170634116,val,6.337079271778734e-05,0.8618009607287378
TOI:726.01,real,-2,False,0.174572139752551,174143743,train,,
sim:174143743:0,sim,1,True,13.597773826417082,174143743,train,0.2007391756983583,2.5323898514182224
sim:174143743:1,sim,3,True,13.543569577993951,174143743,train,0.0,5.099324103341559
TOI:555.01,real,0,True,49.43520371140216,170849515,test,,
sim:170849515:0,sim,3,True,20.9950034915904,170849515,test,0.0,1.2112419297587986
sim:170849515:1,sim,2,False,0.0,170849515,test,0.000142246026056,0.9227130486507168
TOI:3561.01,real,-2,False,-0.2649564020087712,172754786,train,,
sim:172754786:0,sim,2,False,0.0,172754786,train,0.0015700246783416,2.339434230422836
sim:172754786:1,sim,3,True,18.229318813781024,172754786,train,0.0036924801447398,0.9624154281329468
TOI:5534.01,real,0,False,-0.1385169805980094,176868951,train,,
sim:176868951:0,sim,1,True,41.71714095894261,176868951,train,0.2362816588667573,3.423340583794618
sim:176868951:1,sim,2,False,0.0,176868951,train,0.0002372430134739,16.84557897381173
TOI:2184.01,real,0,True,23.182600433508583,176956893,train,,
sim:176956893:0,sim,3,True,9.859035080993248,176956893,train,0.0,0.5376271309875851
sim:176956893:1,sim,2,False,0.0,176956893,train,0.0013964639994071,1.1718478546109357
TOI:408.01,real,-2,True,27.32126164408101,176778112,train,,
sim:176778112:0,sim,1,True,28.094092900683105,176778112,train,0.2185418921088423,3.019583273584431
sim:176778112:1,sim,3,True,15.49517670790059,176778112,train,0.0,1.750435826066593
TOI:982.01,real,-2,True,19.400107254136515,177126182,train,,
sim:177126182:0,sim,2,True,9.713410049202178,177126182,train,0.0015051927463548,2.1745025479439017
sim:177126182:1,sim,1,True,16.472065636992884,177126182,train,0.0580008633134481,6.572891049218957
TOI:5675.01,real,0,True,34.15264527855888,181949561,train,,
sim:181949561:0,sim,0,False,0.0,181949561,train,0.0020069378053336,13.409712912909976
sim:181949561:1,sim,2,False,0.0,181949561,train,0.0004135089414092,6.759153057527468
TOI:137.01,real,-2,False,-1.0189299984278657,176957796,train,,
sim:176957796:0,sim,1,True,21.80648082312358,176957796,train,0.2173301005012046,5.794918077457131
sim:176957796:1,sim,2,True,22.57260327150458,176957796,train,0.0086516686834905,1.8047176942371472
TOI:183.01,real,-2,True,27.38518076711382,183979262,train,,
sim:183979262:0,sim,3,True,18.437907105286435,183979262,train,0.0,11.397934615816917
sim:183979262:1,sim,2,False,0.0,183979262,train,0.0004518567978406,3.2046719084089568
TOI:2013.01,real,0,True,25.082146215817843,188589164,val,,
sim:188589164:0,sim,1,True,39.32064238382016,188589164,val,0.0848638710073418,0.9611590508081516
sim:188589164:1,sim,1,True,24.96290260432873,188589164,val,0.6380123303833071,20.169368490648683
TOI:1304.01,real,-2,True,25.69618688051496,186000935,train,,
sim:186000935:0,sim,2,False,0.0,186000935,train,0.0001262110725902,2.89777134888262
sim:186000935:1,sim,3,True,22.52073558464995,186000935,train,0.0001091594307417,1.1303372854210956
TOI:294.01,real,0,True,42.55786091180574,188570092,train,,
sim:188570092:0,sim,0,False,0.0,188570092,train,0.0087639261163983,16.301754527406302
sim:188570092:1,sim,1,True,27.863198638923816,188570092,train,0.2517362275908028,26.444637951983697
TOI:2372.01,real,-2,True,15.89485721805183,189620016,train,,
sim:189620016:0,sim,3,True,18.20026653696735,189620016,train,0.0,8.914862292338002
sim:189620016:1,sim,2,False,0.0,189620016,train,0.0163391231895551,2.6735730449603854
TOI:1593.01,real,-2,False,10.155922049254396,192372961,train,,
sim:192372961:0,sim,1,False,0.0,192372961,train,0.1582528394925579,0.6598754038216644
sim:192372961:1,sim,2,False,0.0,192372961,train,0.0005368296843708,0.7383457099374497
TOI:3332.01,real,-2,False,16.45065344279975,194179013,train,,
sim:194179013:0,sim,1,True,24.736117092452616,194179013,train,0.2658627862964207,11.544359392463091
sim:194179013:1,sim,2,False,0.0,194179013,train,0.0047678284771913,1.227835986035812
TOI:1376.01,real,-2,True,21.882908126160928,190743990,test,,
sim:190743990:0,sim,3,True,9.585566325523336,190743990,test,0.0,0.817491415039738
sim:190743990:1,sim,3,True,9.585566325523336,190743990,test,0.0,0.8724703340647282
TOI:1481.01,real,-2,False,-0.072519627545074,197650870,test,,
sim:197650870:0,sim,1,False,0.0,197650870,test,0.0103393594334317,0.5357433058066341
sim:197650870:1,sim,0,False,0.0,197650870,test,0.0052466519251028,0.5976692274923149
TOI:858.01,real,0,True,38.85222782416674,198008005,train,,
sim:198008005:0,sim,1,True,39.01157898635966,198008005,train,0.0705477581650801,4.834117269722978
sim:198008005:1,sim,2,True,34.72309522226282,198008005,train,0.0126769959486768,7.401318083740738
TOI:1269.01,real,0,False,0.0,198241702,test,,
TOI:1269.02,real,-1,False,0.0,198241702,test,,
sim:198241702:0,sim,2,True,23.714589436237905,198241702,test,0.0053323135708774,2.0665460420556254
sim:198241702:1,sim,3,False,0.0,198241702,test,0.0,4.123967425695355
TOI:5081.01,real,0,True,35.044961745618124,203214138,train,,
sim:203214138:0,sim,0,True,24.446712277146112,203214138,train,0.0018601504118564,3.5300439906843657
sim:203214138:1,sim,1,True,18.56593818684503,203214138,train,0.367252370230729,2.0023223448599565
TOI:5111.01,real,0,False,11.140305056932467,203289099,train,,
sim:203289099:0,sim,3,False,0.0,203289099,train,0.0,6.074398256449988
sim:203289099:1,sim,1,True,40.446049246312086,203289099,train,0.0181858710671991,15.461404589234528
TOI:4547.01,real,0,True,30.76733865636748,206284139,train,,
sim:206284139:0,sim,1,True,31.02319737612072,206284139,train,0.4973236400355995,5.063547702850375
sim:206284139:1,sim,0,False,0.0,206284139,train,0.002244519284875,3.157293789637131
TOI:4551.01,real,0,True,35.279725909495966,204650483,train,,
sim:204650483:0,sim,2,False,0.0,204650483,train,0.0061317047028449,27.1443205679314
sim:204650483:1,sim,3,True,20.660467571417808,204650483,train,0.0045004516507204,2.482094628210671
TOI:1928.01,real,0,True,47.19427551452467,207077681,train,,
sim:207077681:0,sim,1,False,0.0,207077681,train,0.0852694686319944,20.705908619866733
sim:207077681:1,sim,2,True,18.210217454082468,207077681,train,0.0038828563591305,10.956873143265058
TOI:4406.01,real,0,False,-0.0932067172174263,206541859,test,,
sim:206541859:0,sim,3,True,13.023731862787074,206541859,test,0.0,0.9084843841820632
sim:206541859:1,sim,2,True,12.500779621208157,206541859,test,0.0323374051176715,0.8130619631341692
TOI:558.01,real,0,True,36.97541461380314,207110080,train,,
sim:207110080:0,sim,0,True,29.46829396195984,207110080,train,0.0276400755067353,21.532228304674984
sim:207110080:1,sim,1,True,17.567045211766164,207110080,train,0.2424661542681057,3.410716551420957
TOI:179.01,real,0,False,0.3485863345238366,207141131,train,,
sim:207141131:0,sim,2,False,0.0,207141131,train,3.230263059106342e-05,0.7926708301259162
sim:207141131:1,sim,2,True,25.54689078190416,207141131,train,0.0025493324271844,1.0141624440330246
TOI:2211.01,real,0,False,-0.415816458939763,212253390,train,,
sim:212253390:0,sim,0,False,0.0,212253390,train,0.0023939835153446,13.088334978763612
sim:212253390:1,sim,2,True,38.92395483255564,212253390,train,0.034743637387424,3.112851527218908
TOI:194.01,real,0,True,47.92220931467163,211438925,test,,
sim:211438925:0,sim,0,True,41.02268060817463,211438925,test,0.0019938793829042,1.2812503259834431
sim:211438925:1,sim,1,True,22.42221427452452,211438925,test,0.3156765039311943,15.86894861804227
TOI:519.01,real,0,True,56.76678152632372,218795833,test,,
sim:218795833:0,sim,1,False,0.0,218795833,test,0.5428392724981785,1.953291367171412
sim:218795833:1,sim,2,False,0.0,218795833,test,0.0013898325301781,4.310913121819738
TOI:1478.01,real,0,True,47.42705665358061,409794137,test,,
TCE:00409794137-01,real,-1,False,7.622934548152992,409794137,test,,
sim:409794137:0,sim,3,True,25.15352871219244,409794137,test,0.0001223478769356,5.002629059141101
sim:409794137:1,sim,1,True,43.22381006102773,409794137,test,0.1376253762799071,6.352933286325712
TOI:136.01,real,0,False,-0.1633386235387944,410153553,train,,
sim:410153553:0,sim,3,True,7.839433776308576,410153553,train,0.0002108725370466,9.386093482275962
sim:410153553:1,sim,0,True,29.334729970234285,410153553,train,0.0062710787492965,2.0462766727717203
TOI:5535.01,real,0,False,-0.2162281075307139,411697517,train,,
sim:411697517:0,sim,1,True,13.49363742828473,411697517,train,0.0269557053352651,7.879710141447283
sim:411697517:1,sim,2,False,0.0,411697517,train,0.0024576778070573,1.59053096230239
TOI:562.01,real,0,True,15.983876949776684,413248763,train,,
sim:413248763:0,sim,1,True,41.44693609211827,413248763,train,0.2107507594915856,18.10860401941978
sim:413248763:1,sim,3,True,15.12618582809546,413248763,train,0.0,23.119265467901705
TOI:781.01,real,0,True,43.6209337592427,413376180,test,,
sim:413376180:0,sim,0,True,24.840974444171668,413376180,test,0.0047690905762339,2.210833035778018
sim:413376180:1,sim,3,True,11.04455620310923,413376180,test,0.0001482350926406,2.316588232946837
TOI:3794.01,real,-2,False,0.197206661700353,416539317,train,,
sim:416539317:0,sim,3,True,9.109954360251706,416539317,train,0.0,3.5372079390544826
sim:416539317:1,sim,0,False,0.0,416539317,train,0.0015620802151998,12.682476689886425
TOI:1508.01,real,-2,False,0.001376096491459,415741431,train,,
sim:415741431:0,sim,3,True,14.646264467545034,415741431,train,0.0004417271022969,11.068950100929426
sim:415741431:1,sim,3,True,14.686553937730004,415741431,train,0.0,1.264192117875097
TOI:4137.01,real,0,True,44.40628395258088,417646390,train,,
sim:417646390:0,sim,3,False,0.0,417646390,train,0.0,7.93885132482554
sim:417646390:1,sim,3,False,0.0,417646390,train,0.0,1.306217530818247
TOI:4533.01,real,0,False,0.0,418761354,test,,
sim:418761354:0,sim,3,False,0.0,418761354,test,0.0,0.8416893932372381
sim:418761354:1,sim,2,False,0.0,418761354,test,0.0014938932894683,23.13575806439725
TOI:4523.01,real,0,True,19.613702268743253,427332229,test,,
sim:427332229:0,sim,1,True,13.780402785910567,427332229,test,0.2953371492021892,1.4509577175039094
sim:427332229:1,sim,1,True,18.627829143396628,427332229,test,0.2146390037111731,4.196911550395981
TOI:485.01,real,-2,True,10.759382002959622,427352241,test,,
sim:427352241:0,sim,3,True,7.399055679591676,427352241,test,0.0,0.7176473543812072
sim:427352241:1,sim,3,True,7.399055679591676,427352241,test,0.0,1.646634827918554
TOI:1424.01,real,-2,True,21.337667873016752,418959198,test,,
sim:418959198:0,sim,1,False,0.0,418959198,test,0.3314913443145821,20.49685011294788
sim:418959198:1,sim,1,True,36.09746736911314,418959198,test,0.1724389925231024,8.363570053458545
TOI:1627.01,real,0,True,42.91698940548306,424435940,train,,
sim:424435940:0,sim,1,True,28.993357846624107,424435940,train,0.276776398614743,10.577736700013856
sim:424435940:1,sim,1,True,46.162081317574206,424435940,train,0.0518763736671333,6.972262602147055
TOI:1897.01,real,-2,False,-0.0378812409502053,420645189,test,,
sim:420645189:0,sim,3,True,10.35798360510475,420645189,test,0.0,2.274831430740308
sim:420645189:1,sim,0,True,23.999197587567643,420645189,test,0.0014554599154656,0.6596956031464674
TOI:7168.01,real,0,True,19.75370607213436,427685831,train,,
sim:427685831:0,sim,1,True,13.759736741972755,427685831,train,0.0178131981687259,0.5201055104842865
sim:427685831:1,sim,3,False,0.0,427685831,train,0.003092623739456,1.593763125907688
TOI:3631.01,real,-2,False,12.249644705440312,429414530,train,,
sim:429414530:0,sim,0,True,18.803610507458583,429414530,train,0.0042389255938501,1.9043611892672587
sim:429414530:1,sim,3,True,8.40280136798278,429414530,train,0.0,1.314688171844569
TOI:7470.01,real,0,False,-0.0598270624263709,437444661,train,,
sim:437444661:0,sim,3,False,0.0,437444661,train,0.0,0.9076700212360256
sim:437444661:1,sim,1,True,18.81610124229999,437444661,train,0.0334449734499283,6.610273603350638
TOI:643.01,real,-2,False,6.249622810523778,432008938,train,,
sim:432008938:0,sim,3,True,30.22807449186976,432008938,train,0.0,6.534256867014052
sim:432008938:1,sim,2,False,0.0,432008938,train,0.0007933030726576,2.353964866427911
TOI:5963.01,real,0,True,43.08157293077944,436478932,train,,
sim:436478932:0,sim,0,True,41.12732544737953,436478932,train,0.023414737496284,2.6433574462888774
sim:436478932:1,sim,3,True,12.12637179809936,436478932,train,0.0018523408581099,0.7946029055574627
TOI:4514.01,real,0,True,21.056301669826244,436875934,train,,
sim:436875934:0,sim,2,True,19.19743130051414,436875934,train,0.0098008530881299,3.142518816621824
sim:436875934:1,sim,2,True,23.543368437469034,436875934,train,0.0088796704693986,3.3490570031224536
TOI:4603.01,real,0,True,29.26688717777853,437856897,train,,
sim:437856897:0,sim,1,True,23.09534805002724,437856897,train,0.8300751134593829,15.921339773949365
sim:437856897:1,sim,0,True,23.96771113464485,437856897,train,0.0029035210372113,5.962449196976498
TOI:2004.01,real,-2,False,14.313829022371984,439610306,train,,
sim:439610306:0,sim,2,True,19.29976390651516,439610306,train,0.0092231051562338,2.111268973454689
sim:439610306:1,sim,1,True,17.413988057497253,439610306,train,0.6038057705366663,1.8523714247872751
TOI:1670.01,real,0,False,-0.0115656466085895,441739020,train,,
TOI:1670.02,real,0,False,0.2454403083662856,441739020,train,,
sim:441739020:0,sim,3,True,8.910382806726485,441739020,train,0.0,1.4654561056648148
sim:441739020:1,sim,2,True,21.772927782421863,441739020,train,0.0009309361149719,4.993202096844543
TOI:836.01,real,0,True,20.249100719270448,440887364,val,,
TOI:836.02,real,0,True,11.8030926393724,440887364,val,,
sim:440887364:0,sim,3,True,12.911933107698818,440887364,val,0.0,23.42673664211096
sim:440887364:1,sim,1,False,0.0,440887364,val,0.0313032197196002,18.40804399693891
TOI:1585.01,real,-2,False,0.0,444415148,val,,
sim:444415148:0,sim,2,True,11.513623703436938,444415148,val,0.0227512406244413,5.552901822137763
sim:444415148:1,sim,1,True,10.246734381279726,444415148,val,0.0874744477835964,0.5890940665720111
TOI:5523.02,real,0,True,7.420290411832025,443616612,train,,
sim:443616612:0,sim,3,True,8.726326728132241,443616612,train,0.0,7.02894092455087
sim:443616612:1,sim,0,True,41.06423803802252,443616612,train,0.0246840605628316,0.5504662023907945
TOI:3989.01,real,-2,True,13.152994882956516,444413256,train,,
sim:444413256:0,sim,0,False,0.0,444413256,train,0.009795689582557,20.45794969624274
sim:444413256:1,sim,3,False,0.0,444413256,train,0.0,2.156774524227889
TOI:1907.01,real,0,True,44.21562631068701,453789494,train,,
sim:453789494:0,sim,3,False,0.0,453789494,train,0.0,1.766887428383649
sim:453789494:1,sim,1,True,25.3784871996787,453789494,train,0.1631443722686113,1.283590688841322
TOI:509.01,real,0,False,0.830291592624644,453211454,train,,
TOI:509.02,real,0,False,17.301096567984633,453211454,train,,
sim:453211454:0,sim,2,False,0.0,453211454,train,0.0002665407763396,0.552777889368389
sim:453211454:1,sim,0,True,49.61948624200127,453211454,train,0.0040004225078077,8.749013023205908
TOI:2707.01,real,0,True,25.28795833638653,455036659,train,,
sim:455036659:0,sim,1,True,24.25115544575985,455036659,train,0.0143094824298095,22.81762599981684
sim:455036659:1,sim,3,True,17.0700728019484,455036659,train,0.0008950414833648,2.8293791315516588
TOI:5573.01,real,0,True,23.53590676240444,459762279,train,,
sim:459762279:0,sim,3,True,13.007851353389778,459762279,train,0.0011674154086981,11.068950736728526
sim:459762279:1,sim,1,True,16.162920139358558,459762279,train,0.0644673473631088,1.3669270294451066
TOI:3924.01,real,-2,False,-0.7936489550346387,456042145,test,,
sim:456042145:0,sim,0,True,19.93013873573848,456042145,test,0.0020227694146974,10.882222582803513
sim:456042145:1,sim,3,True,23.41996217984976,456042145,test,0.0,4.7345823039144825
TOI:1030.01,real,-2,False,0.0,464296022,train,,
sim:464296022:0,sim,1,True,22.200530090510124,464296022,train,0.3514644169257009,2.4791965410859964
sim:464296022:1,sim,2,False,0.0,464296022,train,0.010678823932617,11.22712348657008
TOI:3503.01,real,-2,False,5.832023018614806,459850897,train,,
sim:459850897:0,sim,1,True,25.074597263994185,459850897,train,0.2425763551861448,6.687846445165326
sim:459850897:1,sim,2,True,22.27730753207728,459850897,train,0.0150924711004546,1.856282532794828
TOI:3060.01,real,-2,False,2.502211825993036,463681005,train,,
sim:463681005:0,sim,1,True,21.992710879077407,463681005,train,0.0359191829818379,0.8958590210889573
sim:463681005:1,sim,2,False,0.0,463681005,train,0.0049522649417794,4.187618578862159
TOI:3059.01,real,-2,False,4.416624173036998,464067218,train,,
sim:464067218:0,sim,1,True,18.52483061590961,464067218,train,0.1366176527794684,2.3548540196388523
sim:464067218:1,sim,0,False,0.0,464067218,train,0.0003179524190788,22.61706934963953
TOI:4399.01,real,0,False,0.0153417644242157,464646604,train,,
sim:464646604:0,sim,1,True,24.82608141391689,464646604,train,0.0787716323651155,8.997513953156355
sim:464646604:1,sim,0,False,0.0,464646604,train,0.0006044639174889,3.3183765351627166
TOI:4155.01,real,0,True,21.70422390813301,467331291,train,,
sim:467331291:0,sim,2,True,24.145623801316763,467331291,train,0.0021699560254214,6.872017627695152
sim:467331291:1,sim,2,False,0.0,467331291,train,0.0237412923431573,0.5476106306406454
TOI:5803.01,real,0,True,41.66135962352593,466382581,train,,
sim:466382581:0,sim,0,False,0.0,466382581,train,0.0014050379557877,26.060894667343632
sim:466382581:1,sim,3,True,12.090084723566417,466382581,train,0.0008995816094444,3.93327498436677
TOI:3781.01,real,-2,True,18.956783951876197,470974162,test,,
sim:470974162:0,sim,2,False,0.0,470974162,test,0.0027085169459023,0.5698140660818649
sim:470974162:1,sim,3,False,0.0,470974162,test,0.0,1.1044992824298914
TOI:3753.01,real,-2,True,44.68701199588544,467783290,train,,
sim:467783290:0,sim,1,True,26.32645647603778,467783290,train,0.0320565482320144,8.897046960013357
sim:467783290:1,sim,3,True,20.315028296710825,467783290,train,0.0,7.38468291142585
TOI:3001.01,real,-2,True,16.871077094369294,468977648,train,,
sim:468977648:0,sim,0,False,0.0,468977648,train,0.0184214327561765,14.426188935446488
sim:468977648:1,sim,3,True,20.370825676065696,468977648,train,0.0,1.7428515300162284
TOI:2412.01,real,-2,False,0.1638066747338646,684936227,train,,
sim:38509907:0,sim,1,True,59.04342852282208,684936227,train,0.0120908042510069,3.974055996006885
sim:38509907:1,sim,1,True,40.6826814625742,684936227,train,0.0985111389981568,7.791292271469833
TOI:3843.01,real,-2,False,10.623244464826614,841226527,train,,
sim:103604037:0,sim,3,True,8.475476870140838,841226527,train,0.0,6.24297386071614
sim:103604037:1,sim,3,True,8.915612004877604,841226527,train,0.000159443066141,2.426833267303878
TOI:2682.01,real,-1,True,30.610882930421795,200803270,train,,
sim:200803270:0,sim,3,True,9.456918905719998,200803270,train,0.0011787642059466,1.436162272534962
sim:200803270:1,sim,3,True,13.571900245503803,200803270,train,0.0,4.393252661167364
TOI:3916.01,real,-1,True,17.377253528136134,68074302,train,,
sim:68074302:0,sim,3,False,0.0,68074302,train,0.0,18.08584610645231
sim:68074302:1,sim,2,False,0.0,68074302,train,0.0003072688571875,12.172265473531937
sim:369768787:0,sim,1,True,25.02078331868766,369768787,test,0.2683066642686799,3.52460800739583
sim:369768787:1,sim,3,False,0.0,369768787,test,0.0001376828838032,19.20488430764103
TOI:1737.01,real,-1,False,0.6298291865257861,233009109,train,,
sim:233009109:0,sim,2,True,22.471147345028204,233009109,train,0.0267919564555543,20.79271179405392
sim:233009109:1,sim,3,True,10.262482652908648,233009109,train,0.0,7.35549151510388
TOI:4637.01,real,-1,True,12.727972700223862,306485267,val,,
sim:306485267:0,sim,2,True,24.45752896916081,306485267,val,0.0025268012202821,16.207255740041415
sim:306485267:1,sim,2,True,15.820626789334383,306485267,val,0.002855458090474,0.5182188177014293
TOI:3762.01,real,-1,False,0.1922905270819386,9833284,train,,
sim:9833284:0,sim,1,False,0.0,9833284,train,0.2833834772920459,0.6476899828389384
sim:9833284:1,sim,1,True,28.89379371493237,9833284,train,0.0088584535723704,1.0198008371162846
TOI:3801.01,real,-1,True,50.15241658543812,373612558,train,,
sim:373612558:0,sim,3,True,12.742163265827688,373612558,train,0.0,3.287335229103753
sim:373612558:1,sim,2,True,28.786818119991043,373612558,train,0.020624394172549,13.576007094579726
TOI:5897.01,real,-1,True,18.981897391566168,305612552,train,,
sim:305612552:0,sim,1,True,19.317023582874928,305612552,train,0.1786855389323003,10.554762022025708
sim:305612552:1,sim,1,True,19.08224786228595,305612552,train,0.0275153016943809,1.8375445383083229
TOI:4040.01,real,-1,False,-0.38507595823397,356786657,val,,
sim:356786657:0,sim,1,True,37.48660856679831,356786657,val,0.0604892482586395,9.904785829054152
sim:356786657:1,sim,0,False,0.0,356786657,val,0.0,28.36504498349901
TOI:695.01,real,-1,False,5.009187951811027,55559618,train,,
sim:55559618:0,sim,2,True,22.076182278073937,55559618,train,0.0038667505160248,1.5379855995047162
sim:55559618:1,sim,3,True,12.204595977967138,55559618,train,0.0,2.2431602806174338
TOI:5865.01,real,-1,False,-1.127078058395068,383216635,test,,
sim:383216635:0,sim,3,True,9.77910838703338,383216635,test,0.0023801495930251,1.5731881631286924
sim:383216635:1,sim,3,True,15.876489391378048,383216635,test,0.0,5.22312548496344
TOI:4803.01,real,-1,True,15.405856205996852,19117967,test,,
sim:19117967:0,sim,2,True,17.73354533793805,19117967,test,0.0152351983122686,4.473756585091099
sim:19117967:1,sim,3,True,13.265856430216504,19117967,test,0.000301019944444,5.293245766544803
TOI:2325.01,real,-1,False,12.557416801604408,152800085,val,,
sim:152800085:0,sim,2,True,16.046731600772947,152800085,val,0.0114845997004818,5.991823033823438
sim:152800085:1,sim,2,True,12.215492681367902,152800085,val,0.0014203750364983,1.9864146621800327
TOI:6539.01,real,-1,True,18.321678714870878,310497279,train,,
sim:310497279:0,sim,3,True,13.020109493578133,310497279,train,0.0,4.855205946824441
sim:310497279:1,sim,3,True,13.020109493578133,310497279,train,0.0,6.662514305751813
TOI:5021.01,real,-1,False,0.1105797266771799,403405969,train,,
sim:403405969:0,sim,3,True,17.264944515358238,403405969,train,0.000727434897672,7.681686704868484
sim:403405969:1,sim,0,False,0.0,403405969,train,0.0013172726043455,8.169729665627987
TOI:5627.01,real,-1,True,23.75683334507969,335813590,test,,
sim:335813590:0,sim,0,True,8.41191960574249,335813590,test,0.0020886867990882,1.96507573312472
sim:335813590:1,sim,1,True,15.21394344663251,335813590,test,0.1703996608000764,0.5663898993863457
TOI:5085.01,real,-1,False,0.3364602451894065,6785559,test,,
sim:6785559:0,sim,2,True,16.13325152856712,6785559,test,0.0204730578425235,9.086586293893449
sim:6785559:1,sim,1,True,17.300719770178645,6785559,test,0.0442799765026444,3.760767011362601
TOI:5452.01,real,-1,False,0.0,101569583,train,,
sim:101569583:0,sim,3,False,0.0,101569583,train,0.0,7.660529580538818
sim:101569583:1,sim,2,False,0.0,101569583,train,0.0031099358906482,4.964792472506222
TOI:2056.01,real,-1,False,-1.3141703556899014,396356111,train,,
sim:396356111:0,sim,0,True,35.21912542633706,396356111,train,0.0153166675940347,1.3031873892663337
sim:396356111:1,sim,2,True,27.329346667383696,396356111,train,0.0010390760361591,1.685311004811644
TOI:5662.01,real,-1,True,12.476023551103395,422217860,val,,
sim:422217860:0,sim,1,True,32.31377453938344,422217860,val,0.5792548786759472,12.495259292285498
sim:422217860:1,sim,2,True,27.216423023307865,422217860,val,0.0039249521787436,1.2078556218797454
TOI:5533.01,real,-1,False,-0.0603419848953691,155093420,test,,
sim:155093420:0,sim,3,True,19.8880379010268,155093420,test,0.0,0.9757199864417868
sim:155093420:1,sim,1,True,32.091434848467976,155093420,test,0.0955556261876813,7.161088728390612
TOI:6220.01,real,-1,True,17.998957374054196,325653071,train,,
sim:325653071:0,sim,2,False,0.0,325653071,train,0.0014973546921881,18.75254928048615
sim:325653071:1,sim,2,False,0.0,325653071,train,0.0003972416854011,7.61586903524636
TOI:1106.01,real,-1,False,-0.164597994282642,384513078,train,,
sim:384513078:0,sim,2,True,27.172078721701777,384513078,train,0.0023899979142867,5.763310619930985
sim:384513078:1,sim,0,True,41.79890279936754,384513078,train,0.0031113300245873,2.100756574842866
TOI:3625.01,real,-1,True,41.28899416951982,1980725947,val,,
sim:1980725947:0,sim,2,True,20.25908415977589,1980725947,val,0.0153241596923739,4.0026611105171686
sim:1980725947:1,sim,3,True,22.103427039091105,1980725947,val,0.0,1.4235042042485986
TOI:4364.01,real,-1,False,0.0,4070275,train,,
sim:4070275:0,sim,3,False,0.0,4070275,train,0.0003527819400479,0.8412974870892854
sim:4070275:1,sim,1,True,55.57779305693178,4070275,train,0.0827201000528701,1.8289780524904884
TOI:5754.01,real,-1,True,13.502145754691936,135267558,train,,
sim:135267558:0,sim,3,False,0.0,135267558,train,0.0,0.8289382114078927
sim:135267558:1,sim,1,True,12.985430069349643,135267558,train,0.0574278104117907,1.1620566183148549
TOI:7010.01,real,-1,True,18.342716207403992,233867481,train,,
sim:233867481:0,sim,1,True,13.58446154403206,233867481,train,0.0599067949723971,1.0828917329617065
sim:233867481:1,sim,0,False,0.0,233867481,train,0.0003668138285377,0.7313638529399724
TOI:5058.01,real,-1,False,-1.7712991337747668,277034534,train,,
sim:277034534:0,sim,2,True,32.09806961644728,277034534,train,0.0170809450883906,4.109179752092926
sim:277034534:1,sim,0,True,16.922360165567934,277034534,train,0.0101965296586088,10.118681170323452
TOI:1732.01,real,-1,True,24.29495272038297,470987100,val,,
sim:470987100:0,sim,2,False,0.0,470987100,val,0.0073816707138298,27.118474656023672
sim:470987100:1,sim,1,True,49.43180248364158,470987100,val,0.0324336711063124,1.66223151378254
TOI:2731.01,real,-1,False,3.2951778921967434,34729329,train,,
sim:34729329:0,sim,1,True,12.068099008580564,34729329,train,0.0312089953337587,1.1411433744464412
sim:34729329:1,sim,1,True,11.313235366932538,34729329,train,0.3830756159168098,9.42220727776645
TOI:6635.01,real,-1,False,3.549573290710064,330424797,train,,
sim:330424797:0,sim,2,False,0.0,330424797,train,0.0019159905003953,1.3547469380584427
sim:330424797:1,sim,3,True,17.569440865743566,330424797,train,0.0001611663673979,12.45127041027263
TOI:2950.01,real,-1,True,40.5571176379049,356206412,train,,
sim:356206412:0,sim,1,False,0.0,356206412,train,0.6522327508608453,22.88867205068451
sim:356206412:1,sim,0,True,43.62329090065676,356206412,train,0.0242957714569754,2.696326546674735
TOI:5578.01,real,-1,False,-0.9013990041233784,154563411,test,,
sim:154563411:0,sim,3,True,11.432167720351098,154563411,test,0.0001335561206942,9.852436707476372
sim:154563411:1,sim,1,True,38.08186510107586,154563411,test,0.6483650085212023,1.763019074787407
TOI:180.01,real,-1,True,21.743308887215456,51912829,train,,
sim:51912829:0,sim,1,True,21.567000663075948,51912829,train,0.178899523887826,19.945935513800755
sim:51912829:1,sim,3,True,14.640835885423256,51912829,train,0.001166515901548,2.1000280720270643
TOI:6598.01,real,-1,True,28.87354687557052,22452837,train,,
TCE:00022452837-01,real,-1,False,21.04117768288212,22452837,train,,
sim:22452837:0,sim,1,True,19.99044357201721,22452837,train,0.1046527177813027,2.882312593863079
sim:22452837:1,sim,1,True,25.449189741237102,22452837,train,0.2679821659235175,8.726025363659895
TOI:3891.01,real,-1,False,1.1913858472830263,459215281,val,,
sim:459215281:0,sim,2,False,0.0,459215281,val,9.32100516857215e-05,4.409782861966402
sim:459215281:1,sim,0,False,0.0,459215281,val,0.0002028464410103,1.040422738622569
TOI:6080.01,real,-1,False,4.268804472652097,116048097,test,,
sim:116048097:0,sim,2,True,19.74910922317124,116048097,test,0.0022660446708719,1.4010713344510255
sim:116048097:1,sim,0,True,39.99339552660236,116048097,test,0.0040736873141008,0.6475567028213566
TOI:5639.01,real,-1,False,0.6490406133251198,166054851,train,,
sim:166054851:0,sim,3,True,11.740671294937105,166054851,train,0.0,0.7194109735958969
sim:166054851:1,sim,2,False,0.0,166054851,train,0.0005975630326587,10.52361904631404
TOI:2499.01,real,-1,True,59.43596352971317,67196573,train,,
sim:67196573:0,sim,1,False,0.0,67196573,train,0.1622521027020275,18.879218485844707
sim:67196573:1,sim,1,True,44.229002532568856,67196573,train,0.7415365112024737,16.72052320430204
TOI:3154.01,real,-1,True,21.34649933350416,465176038,test,,
sim:465176038:0,sim,3,True,17.798559384168254,465176038,test,0.0,1.5103364295959925
sim:465176038:1,sim,1,True,37.20982939887893,465176038,test,0.1975599110691337,21.448283033204632
TOI:2819.01,real,-1,True,25.587067394045867,387275908,test,,
sim:387275908:0,sim,3,True,18.220314724972077,387275908,test,0.0,2.6813917472631896
sim:387275908:1,sim,2,False,0.0,387275908,test,0.0001641149770533,1.63976176595081
TOI:3312.01,real,-1,True,45.2155604398212,332314607,train,,
sim:332314607:0,sim,2,False,0.0,332314607,train,0.0010841069998824,0.7907170488015417
sim:332314607:1,sim,0,False,0.0,332314607,train,0.0114569217795847,5.119356997859543
TOI:3585.01,real,-1,True,30.84502892379985,287591638,train,,
sim:287591638:0,sim,0,True,24.829248932079917,287591638,train,0.002612443955885,8.358792198637396
sim:287591638:1,sim,0,True,21.213714260949523,287591638,train,0.0009097047077125,0.9617590463496992
TOI:3633.01,real,-1,True,10.777730492906498,429218084,val,,
sim:429218084:0,sim,3,True,11.43157326214321,429218084,val,0.0,1.4856897029086715
sim:429218084:1,sim,1,False,0.0,429218084,val,0.1761635456656443,1.019501633302199
TOI:1455.01,real,-1,True,50.17180235176203,387259626,train,,
sim:387259626:0,sim,2,True,27.89101075365385,387259626,train,0.0202595147705955,14.598164111555366
sim:387259626:1,sim,2,True,28.117684527023805,387259626,train,0.0299006195227218,0.8758189152939334
TOI:5773.01,real,-1,True,20.7947915023487,445795465,train,,
sim:445795465:0,sim,3,True,10.624065875836218,445795465,train,0.0,26.731087533450257
sim:445795465:1,sim,2,False,0.0,445795465,train,0.0109144463115662,21.87572943366114
TOI:6730.01,real,-1,True,41.03756972151072,382521776,train,,
sim:382521776:0,sim,2,True,27.07398563263965,382521776,train,0.028869440812193,0.6826142513734202
sim:382521776:1,sim,3,True,14.850204530708112,382521776,train,0.0,25.569315062573217
TOI:4276.01,real,-1,True,24.13556582454296,469811655,train,,
sim:469811655:0,sim,2,True,21.03663354236576,469811655,train,0.0045959956245708,7.087827013831147
sim:469811655:1,sim,3,True,11.594920122142224,469811655,train,0.0032877424530066,5.754590400173189
TOI:3335.01,real,-1,True,30.68444041423303,120033290,train,,
sim:120033290:0,sim,1,True,28.68522826595891,120033290,train,0.0399026988587283,14.841991067602905
sim:120033290:1,sim,2,True,17.543025215602746,120033290,train,0.0212351814979984,0.7491436068479601
TOI:2897.01,real,-1,True,40.2462797234815,308987429,train,,
sim:308987429:0,sim,1,True,19.565995656832115,308987429,train,0.0064167502250304,0.8281159272646881
sim:308987429:1,sim,1,True,38.77253799897903,308987429,train,0.1718938491089354,2.126195907954846
TOI:5379.01,real,-1,True,43.98662740811405,328325110,train,,
sim:328325110:0,sim,0,True,27.417808528011637,328325110,train,0.0007339922409557,2.76766104832352
sim:328325110:1,sim,3,True,15.2038917005,328325110,train,0.0001401207218792,7.801240169101215
TOI:2359.01,real,-1,True,22.002924482141974,436102447,train,,
sim:436102447:0,sim,2,True,16.681192225730037,436102447,train,0.0104768799541,11.232745596536049
sim:436102447:1,sim,2,True,15.661028801096776,436102447,train,0.0027279795209864,4.070803052329619
TOI:3907.01,real,-1,True,43.77068973093852,165723070,train,,
sim:165723070:0,sim,0,True,43.03625120556381,165723070,train,0.0124261832153189,2.305671512707749
sim:165723070:1,sim,2,True,19.058754036891735,165723070,train,0.0098091231820605,6.805959166606066
TOI:2200.01,real,-1,True,35.092321754758345,142105158,test,,
sim:142105158:0,sim,2,True,22.61833620046769,142105158,test,0.0087584572248272,1.742890390673067
sim:142105158:1,sim,1,True,26.72963406995167,142105158,test,0.3827644781421881,17.750355699955524
TOI:3538.01,real,-1,True,18.54378746905349,27459498,test,,
sim:27459498:0,sim,3,False,0.0,27459498,test,0.0030377730218346,0.9730328975525684
sim:27459498:1,sim,0,True,41.996685126259706,27459498,test,0.0294183161869918,3.826843377339954
TOI:1224.01,real,0,False,0.0,299798795,test,,
TOI:1224.02,real,0,False,0.0,299798795,test,,
sim:299798795:0,sim,1,True,15.76123597807761,299798795,test,0.0617006901031845,11.189648209804512
sim:299798795:1,sim,2,False,0.0,299798795,test,6.61636002817767e-05,16.338550527899354
TOI:1554.01,real,0,False,9.458521650844942,299158887,train,,
sim:299158887:0,sim,0,True,11.314533117051322,299158887,train,0.0013569077878345,0.8655991084363179
sim:299158887:1,sim,2,True,47.63551083016,299158887,train,0.029194785828731,2.786212441394413
TOI:6750.01,real,-2,False,10.690209237198978,299876474,train,,
sim:299876474:0,sim,0,False,0.0,299876474,train,0.0003660996300378,1.6981573316295926
sim:299876474:1,sim,3,True,16.741388235997235,299876474,train,0.0024949162609773,3.3935277143636062
TOI:2784.01,real,-2,False,-0.1087680006831371,302766000,train,,
sim:302766000:0,sim,3,True,7.849923184448548,302766000,train,0.0,0.990782389002356
sim:302766000:1,sim,0,True,16.751213842232506,302766000,train,0.0108902348444331,3.233598251519502
TOI:3049.01,real,-2,False,4.924944427260918,303867090,train,,
sim:303867090:0,sim,3,False,0.0,303867090,train,0.0,0.6524686086453605
sim:303867090:1,sim,1,True,16.73492888317349,303867090,train,0.0652745687349772,3.619704853954015
TOI:184.01,real,-2,True,40.64312885593823,300871545,train,,
sim:300871545:0,sim,0,True,30.60167406770889,300871545,train,0.0124254716105084,21.81238277520784
sim:300871545:1,sim,2,False,0.0,300871545,train,6.097553071149342e-05,1.987593041977251
TOI:3580.01,real,-2,False,17.022747376219044,305478010,train,,
sim:305478010:0,sim,3,True,6.975031982058718,305478010,train,0.0019051539625597,2.107896996576653
sim:305478010:1,sim,3,True,8.297683643007236,305478010,train,0.0,1.5632736763579345
TOI:5076.01,real,0,False,-0.2123031622592129,303432813,train,,
sim:303432813:0,sim,2,False,0.0,303432813,train,0.001141407979939,5.210128753623922
sim:303432813:1,sim,3,True,13.738004278522862,303432813,train,0.0,2.20351894567034
TOI:3216.01,real,-2,True,15.617974762657989,306547699,train,,
sim:306547699:0,sim,3,True,17.491442186571476,306547699,train,0.0,1.3752745504733015
sim:306547699:1,sim,3,True,12.323123170751389,306547699,train,0.0042281600596719,0.8773918347001634
TOI:1031.01,real,-2,True,11.19812001622952,304021498,val,,
sim:304021498:0,sim,2,True,20.159919914051937,304021498,val,0.0180333324242576,4.2641684019071535
sim:304021498:1,sim,3,True,21.129072989657782,304021498,val,0.0,1.2666338878137289
TOI:3321.01,real,0,True,38.01173414635816,306648160,val,,
sim:306648160:0,sim,2,False,0.0,306648160,val,0.0007410209463678,25.80340564635049
sim:306648160:1,sim,2,True,31.497289855448745,306648160,val,0.0051636557404933,3.9111916247821306
TOI:1906.01,real,0,True,46.06681957435798,308098254,train,,
sim:308098254:0,sim,2,True,25.010568284396733,308098254,train,0.0049438334236973,2.0866269853884165
sim:308098254:1,sim,3,True,19.68187016566656,308098254,train,0.0009826305674878,7.389262864371134
TOI:2139.01,real,0,True,48.69226569935898,308172249,train,,
sim:308172249:0,sim,1,True,22.557444967919995,308172249,train,0.0589445415928886,1.872919654024164
sim:308172249:1,sim,3,True,9.771182928185434,308172249,train,0.0,1.2636921715554623
TOI:5676.01,real,0,True,30.93984090675466,311133118,train,,
sim:311133118:0,sim,2,True,8.368745476229517,311133118,train,0.0043328049940893,16.072387802846688
sim:311133118:1,sim,2,False,0.0,311133118,train,0.0008617562238296,11.79390205872336
TOI:1918.01,real,-2,True,9.932590469013974,308425348,train,,
sim:308425348:0,sim,3,True,19.22070627145562,308425348,train,0.0,1.7932539198398985
sim:308425348:1,sim,1,True,26.57786111172887,308425348,train,0.2091803279540336,3.30039973584125
TOI:2122.01,real,0,True,43.447730599541885,311408969,train,,
sim:311408969:0,sim,1,True,48.61133903352307,311408969,train,0.0430595705698765,3.143665194429642
sim:311408969:1,sim,3,True,7.474950635821731,311408969,train,0.0,1.3714254721438328
TOI:5266.01,real,-2,False,-0.733374481303916,312899686,train,,
sim:312899686:0,sim,3,True,27.688308820517676,312899686,train,0.0,3.165048402534288
sim:312899686:1,sim,1,False,0.0,312899686,train,0.0598951692374175,29.36312028251689
TOI:2443.01,real,0,False,-0.0394835762432236,318753380,train,,
sim:318753380:0,sim,3,True,22.70633323596749,318753380,train,0.0,0.703877713849412
sim:318753380:1,sim,0,True,19.48863266819819,318753380,train,0.0039927934970058,2.5903576258814893
TOI:7057.01,real,0,True,19.057085930669597,325670253,train,,
sim:325670253:0,sim,3,True,12.154489311873643,325670253,train,0.0,11.158087657283012
sim:325670253:1,sim,0,True,10.645961570401791,325670253,train,0.0038057993178829,0.5929612078903331
TOI:480.01,real,0,False,-1.6028039396549438,317548889,test,,
sim:317548889:0,sim,3,True,28.12768435381301,317548889,test,0.0,18.325011698064305
sim:317548889:1,sim,0,True,51.976791193767056,317548889,test,0.0104369879799848,1.9041867093119555
TOI:5260.01,real,-2,False,8.111291091177225,326347927,train,,
sim:326347927:0,sim,0,False,0.0,326347927,train,0.0010358465961489,1.0844251282730413
sim:326347927:1,sim,1,True,15.389898509633513,326347927,train,0.1633862188217558,9.146955982809493
sim:326470400:0,sim,0,True,16.073277302117152,326470400,train,0.0035590750056784,0.7417296261719459
sim:326470400:1,sim,0,True,11.772399707545826,326470400,train,0.001868633320152,0.6572699956926426
TOI:1730.01,real,0,True,15.804696942273871,318022259,train,,
TOI:1730.02,real,0,True,11.326089411337588,318022259,train,,
TOI:1730.03,real,0,False,1.1657162718058829,318022259,train,,
sim:318022259:0,sim,3,True,11.950706594767285,318022259,train,0.0,6.2490396683847775
sim:318022259:1,sim,0,True,40.31634853160201,318022259,train,0.0129252265045707,5.402259757349839
TOI:1552.01,real,-2,False,0.0,326919774,train,,
sim:326919774:0,sim,3,False,0.0,326919774,train,0.0,0.5384182395828656
sim:326919774:1,sim,1,False,0.0,326919774,train,0.136497664009873,1.4566564294233624
sim:332630868:0,sim,1,False,0.0,332630868,train,0.4241444417955831,0.5311679453297171
sim:332630868:1,sim,3,True,18.623742564030007,332630868,train,0.0,2.7035930152132344
TOI:1422.01,real,0,True,10.53065317482564,333473672,train,,
sim:333473672:0,sim,3,True,10.639742812074015,333473672,train,0.0,0.9277780644826708
sim:333473672:1,sim,3,True,9.979133993298596,333473672,train,0.0001619636663588,7.337853330372502
TOI:5123.01,real,0,True,12.356076572298486,332022997,val,,
TOI:5123.02,real,0,False,7.460725160312992,332022997,val,,
sim:332022997:0,sim,1,True,28.49486434027837,332022997,val,0.2611942758914966,12.809994233526297
sim:332022997:1,sim,0,True,31.850496038290224,332022997,val,0.0285273554320265,3.919894330304569
TOI:1480.01,real,-2,False,0.0,335483600,val,,
sim:335483600:0,sim,1,True,45.60756527321293,335483600,val,0.1617053656698622,0.6408277581078367
sim:335483600:1,sim,2,False,0.0,335483600,val,0.0076771746213611,3.0946276141837656
TOI:6020.01,real,-2,True,38.22669362334019,334597566,train,,
sim:334597566:0,sim,3,True,18.25076535537477,334597566,train,0.0,1.9175528789017895
sim:334597566:1,sim,3,True,18.25076535537477,334597566,train,0.0,16.248800199810034
TOI:4860.01,real,0,True,30.48199278329576,335590096,test,,
sim:335590096:0,sim,1,False,0.0,335590096,test,0.0074896096762852,1.557034180011724
sim:335590096:1,sim,2,False,0.0,335590096,test,0.0019105608516383,3.233740892677275
TOI:3948.01,real,-2,False,0.1372047247762462,335489455,train,,
sim:335489455:0,sim,1,True,29.896297397456834,335489455,train,0.0388278160558304,16.13730299702803
sim:335489455:1,sim,1,False,0.0,335489455,train,0.10416908197014,19.31403100908451
TOI:2138.01,real,-2,True,24.391724594765407,336267424,train,,
sim:336267424:0,sim,1,True,24.535731378023637,336267424,train,0.019574121538331,1.4568703669915994
sim:336267424:1,sim,0,False,0.0,336267424,train,0.00105602330738,6.890769239645951
TOI:3311.01,real,-2,True,13.827345447518224,337274055,val,,
sim:337274055:0,sim,2,False,0.0,337274055,val,0.0051953149398592,13.620807823204254
sim:337274055:1,sim,0,True,35.30523348211341,337274055,val,0.0151788191541157,5.413259164176818
TOI:2944.01,real,-2,True,31.11772688998867,340700241,test,,
sim:340700241:0,sim,3,True,22.792414976944382,340700241,test,0.0011926591574989,4.055693896320785
sim:340700241:1,sim,0,False,0.0,340700241,test,0.0026392731152405,26.282175713159997
TOI:417.01,real,-2,False,0.7152571778740117,339733013,train,,
sim:339733013:0,sim,3,True,7.716321199243177,339733013,train,0.0,7.771239173773965
sim:339733013:1,sim,1,True,25.76248551731632,339733013,train,0.0335313526385633,0.553052266983573
TOI:1448.01,real,0,True,11.877279563362476,343628284,train,,
sim:343628284:0,sim,0,False,0.0,343628284,train,0.0004844560901769,3.2499563467653783
sim:343628284:1,sim,3,True,20.02260173726532,343628284,train,0.0,10.389912084163324
TOI:6186.01,real,-2,False,0.0055919339248753,345333936,test,,
sim:345333936:0,sim,2,False,0.0,345333936,test,0.0088473718213668,3.390353426510263
sim:345333936:1,sim,2,False,0.0,345333936,test,3.0604779419407535e-05,12.165911101438892
TOI:1809.01,real,0,True,47.17656354370617,347329162,test,,
sim:347329162:0,sim,1,True,29.244378811054325,347329162,test,0.2388180694060218,4.307267175167548
sim:347329162:1,sim,0,False,0.0,347329162,test,0.0004287832870831,9.113132451287669
TOI:1388.01,real,0,True,21.484867403198155,346338552,train,,
sim:346338552:0,sim,1,True,23.06916510545124,346338552,train,0.0234538262700916,21.36158236317539
sim:346338552:1,sim,0,True,22.017213536577533,346338552,train,0.0166869350288179,13.909796799426196
sim:349095149:0,sim,3,True,10.14887452812486,349095149,test,0.000216213599213,3.697487505068764
sim:349095149:1,sim,0,True,27.513566273242443,349095149,test,0.0133845117196215,1.011215787837479
TOI:632.01,real,-2,False,,349790953,val,,
sim:349790953:0,sim,2,False,0.0,349790953,val,0.0004696567702257,3.125949986056355
sim:349790953:1,sim,1,True,25.6680206671114,349790953,val,0.4528814969958386,4.561046217178808
TOI:1145.01,real,-2,False,0.0,350995812,train,,
sim:350995812:0,sim,3,False,0.0,350995812,train,0.0,9.378357663777102
sim:350995812:1,sim,2,False,0.0,350995812,train,0.0265002701417039,2.7339066200632343
TOI:258.01,real,-2,False,2.70987712905685,350445771,val,,
sim:350445771:0,sim,1,True,19.40854106679324,350445771,val,0.3029646665320591,11.155394313905708
sim:350445771:1,sim,2,False,0.0,350445771,val,0.0063467426634065,3.2699476647882477
TOI:1663.01,real,-2,True,29.62819440624604,353367071,test,,
sim:353367071:0,sim,0,True,35.40669734527074,353367071,test,0.0067434977600797,3.024001603369914
sim:353367071:1,sim,3,False,0.0,353367071,test,0.0,24.902243027597592
TOI:1473.01,real,0,False,0.2504313734359081,352413427,train,,
sim:352413427:0,sim,0,True,45.72778463094159,352413427,train,0.0183366283927159,3.0228869170985573
sim:352413427:1,sim,1,False,0.0,352413427,train,0.0417392310133,19.56763663042764
TOI:5821.01,real,0,True,34.26090423546322,354619337,val,,
sim:354619337:0,sim,1,True,33.95859078762705,354619337,val,0.0083168925896027,14.511754857745627
sim:354619337:1,sim,1,True,22.407132168527685,354619337,val,0.0973358148581663,20.33063440744132
TOI:1863.01,real,-2,True,22.698312321793995,356919658,train,,
sim:356919658:0,sim,3,False,0.0,356919658,train,0.0006599212376708,0.5071552820269574
sim:356919658:1,sim,1,True,29.88444205848405,356919658,train,0.2895010155077812,8.605475492379027
TOI:2018.01,real,0,False,13.229315674029417,357501308,train,,
sim:357501308:0,sim,0,False,0.0,357501308,train,0.000322953726956,2.615826558043413
sim:357501308:1,sim,2,True,20.37496813369585,357501308,train,0.0095919114228152,1.98051776323399
TOI:1720.01,real,0,True,39.74741126034765,356473034,train,,
sim:356473034:0,sim,0,True,19.885089742124546,356473034,train,0.0028865475937847,7.2248662212835555
sim:356473034:1,sim,3,True,20.19069066602441,356473034,train,0.0,0.5426073155619184
TOI:2017.01,real,-2,True,52.75633526241867,357416482,test,,
sim:357416482:0,sim,3,True,15.199296858867138,357416482,test,0.0,0.5207867982454872
sim:357416482:1,sim,0,True,33.68378573768381,357416482,test,0.0012704854589721,4.467842990682405
TOI:2132.01,real,0,True,42.184594299073495,358516596,train,,
sim:358516596:0,sim,1,True,24.37303375584588,358516596,train,0.6596165873579638,4.949892349955841
sim:358516596:1,sim,3,True,17.061316650728504,358516596,train,0.0,5.88940369901271
TOI:741.01,real,0,False,3.2677257868219622,359271092,train,,
sim:359271092:0,sim,2,True,9.73510820486296,359271092,train,0.0004937975035608,3.6440831808720127
sim:359271092:1,sim,1,True,17.599851504082242,359271092,train,0.250773299871162,1.0085349874207556
TOI:1178.01,real,-2,False,12.74071907456754,359496368,train,,
sim:359496368:0,sim,2,False,0.0,359496368,train,0.0024343389081239,13.23599937129076
sim:359496368:1,sim,3,True,13.97987956125137,359496368,train,0.0,1.9206046374973655
TOI:1343.01,real,-2,False,0.6099962832415828,358631536,train,,
sim:358631536:0,sim,0,True,17.879937547334837,358631536,train,0.0004975913744056,1.1791677044739777
sim:358631536:1,sim,3,True,12.693802917014956,358631536,train,0.0,17.904470954370655
TOI:2047.01,real,-2,True,17.177441375244303,363761216,train,,
sim:363761216:0,sim,0,True,19.138390596102624,363761216,train,0.0245954495589877,5.0288962644707125
sim:363761216:1,sim,3,True,6.926161712113874,363761216,train,0.0001518667920984,3.5606104688458684
TOI:627.01,real,-2,False,3.4000388893935822,365781372,train,,
sim:365781372:0,sim,2,True,17.696644226501867,365781372,train,0.0417571371746209,5.837559525759983
sim:365781372:1,sim,3,True,10.526161433197482,365781372,train,0.0,3.3961950036341806
TOI:1042.01,real,-2,True,12.482524970999648,360286627,test,,
sim:360286627:0,sim,1,False,0.0,360286627,test,0.0619317061390312,1.1353265070228014
sim:360286627:1,sim,3,True,16.16601853349651,360286627,test,0.0,1.1662455125107047
TOI:5529.01,real,0,False,0.0,366411016,train,,
sim:366411016:0,sim,1,True,32.042313550516866,366411016,train,0.0259613219992796,17.901651302642705
sim:366411016:1,sim,2,True,28.339246461586985,366411016,train,0.0107191471936447,0.8330921271296304
TOI:1097.01,real,0,False,-0.0128536559400564,360630575,val,,
TOI:1097.02,real,0,False,-1.1643556411680105,360630575,val,,
sim:360630575:0,sim,1,True,26.961003413744784,360630575,val,0.0467206263214883,2.6322370635939083
sim:360630575:1,sim,2,True,14.430535054074433,360630575,val,0.0038821221044521,20.418510038388515
TOI:5680.01,real,0,True,18.565481109414907,368739874,test,,
sim:368739874:0,sim,3,False,0.0,368739874,test,0.0044257944459701,10.64644691070187
sim:368739874:1,sim,1,True,10.379543096584218,368739874,test,0.3103413368544545,2.61747102496443
TOI:5361.01,real,-2,False,10.063925278377743,366602797,train,,
sim:366602797:0,sim,0,True,18.15018062701222,366602797,train,0.0171573446383797,6.644867821476451
sim:366602797:1,sim,0,True,27.811555751763976,366602797,train,0.0355074731403335,11.099888010588549
TOI:4037.01,real,-2,False,0.0,367287018,val,,
sim:367287018:0,sim,2,True,14.117720314850796,367287018,val,0.0009645767882628,1.9019450441849308
sim:367287018:1,sim,0,True,30.554537968204613,367287018,val,0.0035197586615908,3.883076675590616
TOI:3181.01,real,-2,False,20.570662796528403,372596796,train,,
sim:372596796:0,sim,2,True,19.32557464545557,372596796,train,0.0117516284741591,6.366357195602234
sim:372596796:1,sim,3,True,12.711044614139112,372596796,train,0.0003621314330942,0.7825346859884347
TOI:2062.01,real,-2,False,0.0,373785851,val,,
sim:373785851:0,sim,1,True,8.354650921675551,373785851,val,0.2284632023729307,1.3698728404577003
sim:373785851:1,sim,2,False,0.0,373785851,val,0.0017541760463987,0.6387562603078417
TOI:910.01,real,0,True,21.4671866838122,369327947,train,,
sim:369327947:0,sim,1,True,29.96763960388617,369327947,train,0.142116484149382,3.584006547397765
sim:369327947:1,sim,2,True,16.297066134305606,369327947,train,0.00098963338473,10.562696605852208
TOI:1078.01,real,0,True,31.89231670855388,370133522,val,,
sim:370133522:0,sim,1,False,0.0,370133522,val,0.2027407845678076,24.643056980435283
sim:370133522:1,sim,2,True,37.95890049472776,370133522,val,0.0077085153372452,4.288953902506115
TOI:742.01,real,-2,True,11.559349483470788,373424049,train,,
sim:373424049:0,sim,2,False,0.0,373424049,train,0.0027560280842423,16.311715943333613
sim:373424049:1,sim,0,True,43.068330830382514,373424049,train,0.0088085031047673,2.957310016015653
TOI:3085.01,real,-2,True,20.119531929352597,376740324,train,,
sim:376740324:0,sim,2,False,0.0,376740324,train,0.0002486941629943,1.6054712024495008
sim:376740324:1,sim,3,True,22.757150014051597,376740324,train,0.0,0.6018049107100907
TOI:1096.01,real,-2,False,0.2068650945595078,375225453,train,,
sim:375225453:0,sim,2,True,19.167449372769493,375225453,train,0.0138251013844172,2.429812903366137
sim:375225453:1,sim,3,True,9.858781271770985,375225453,train,0.0001471836074331,7.691235229874007
TOI:1813.01,real,-2,False,1.1830343835194763,377290815,train,,
sim:377290815:0,sim,1,True,31.51855082322193,377290815,train,0.2244073107716432,10.163840629804728
sim:377290815:1,sim,1,True,28.064475456653728,377290815,train,0.0743666928854512,3.4073466690422545
TOI:625.01,real,0,True,40.26955235613086,379929661,train,,
sim:379929661:0,sim,3,True,13.816189881944045,379929661,train,0.0002484477525811,0.6847678975563302
sim:379929661:1,sim,0,False,0.0,379929661,train,0.0011768518019333,24.153826086204663
TOI:5867.01,real,-2,True,18.798717827430664,380517859,train,,
sim:380517859:0,sim,1,False,0.0,380517859,train,0.5365484411446463,28.659163872126232
sim:380517859:1,sim,0,False,0.0,380517859,train,0.0003396151256037,26.138467244407053
TOI:1093.01,real,-2,False,0.0,382331352,val,,
sim:382331352:0,sim,0,False,0.0,382331352,val,0.0003472002813115,0.9195600403282548
sim:382331352:1,sim,1,True,14.86854683041888,382331352,val,0.1366841144467441,2.960000811566622
TOI:844.01,real,-2,False,0.2531406469697426,380886535,train,,
sim:380886535:0,sim,0,False,0.0,380886535,train,0.0004132618456137,0.8857192145531139
sim:380886535:1,sim,0,True,29.84261502402439,380886535,train,0.0079313254979782,0.7638243283407755
TOI:1084.01,real,0,True,39.57340681162969,380589029,train,,
sim:380589029:0,sim,1,True,31.96179609900304,380589029,train,0.1353886275329519,1.7956357068625124
sim:380589029:1,sim,1,True,33.00191165869301,380589029,train,0.1802762535661137,12.536831094447054
TOI:151.01,real,-2,False,19.11174307798572,382302241,train,,
sim:382302241:0,sim,2,True,20.30030442422539,382302241,train,0.0016489014131613,3.117558421955248
sim:382302241:1,sim,1,True,21.74209835371312,382302241,train,0.2502994181560387,5.287751434513056
TOI:283.01,real,0,True,17.309090964146208,382626661,train,,
sim:382626661:0,sim,1,True,29.5276545204772,382626661,train,0.2177320991549861,9.816232403357862
sim:382626661:1,sim,3,True,21.47843748704681,382626661,train,0.0013563736960944,3.722820433826216
TOI:1496.01,real,-2,False,3.324210116029761,384045439,train,,
sim:384045439:0,sim,1,True,15.020577009339409,384045439,train,0.0425583603879322,1.628297371495882
sim:384045439:1,sim,1,True,39.13838881052624,384045439,train,0.3278727298818338,3.917602250306397
TOI:4529.01,real,0,True,16.050165797044144,384888319,train,,
sim:384888319:0,sim,2,True,14.461849463958476,384888319,train,0.007026033322163,1.43302716932431
sim:384888319:1,sim,0,True,47.76174945551361,384888319,train,0.0093998168189083,2.7103689285565107
TOI:1523.01,real,-2,False,0.0,387413037,train,,
sim:387413037:0,sim,1,True,16.368232843241127,387413037,train,0.0062969439885612,1.0616398456502552
sim:387413037:1,sim,2,True,12.324942056410103,387413037,train,0.0119111669070066,3.698188789155334
TOI:6109.01,real,0,False,-1.3911067934025312,384984325,train,,
TOI:6109.02,real,0,False,0.700512526928499,384984325,train,,
sim:384984325:0,sim,1,False,0.0,384984325,train,0.0266969602706952,11.799583787007895
sim:384984325:1,sim,2,False,0.0,384984325,train,0.001190922670159,16.059186459992628
TOI:1827.01,real,0,True,49.83383775519962,390651552,train,,
sim:390651552:0,sim,3,True,16.38512214238407,390651552,train,0.0006922872724267,15.576637095401829
sim:390651552:1,sim,0,True,48.060818914936014,390651552,train,0.0041079813212746,3.4679246116029665
TOI:120.01,real,0,False,24.7606707311856,394137592,train,,
sim:394137592:0,sim,0,True,15.800009871098045,394137592,train,0.0011170565360039,2.880288964481345
sim:394137592:1,sim,1,True,18.34613937365271,394137592,train,0.3996608056401305,9.133212048769003
TOI:3174.01,real,-2,True,11.14863186135188,392112968,train,,
sim:392112968:0,sim,0,False,0.0,392112968,train,0.0080288174528933,0.9667632170813472
sim:392112968:1,sim,0,False,0.0,392112968,train,0.0021608696408472,2.525505288432889
TOI:1952.01,real,-2,True,28.429244420006416,394509844,train,,
sim:394509844:0,sim,1,True,21.268453017042187,394509844,train,0.0829124121011087,5.8974005687423485
sim:394509844:1,sim,2,False,0.0,394509844,train,0.0001757670109184,6.293704301580467
TOI:4476.01,real,0,False,0.0,399794420,train,,
sim:399794420:0,sim,2,False,0.0,399794420,train,0.0049836549344473,3.0719724441715544
sim:399794420:1,sim,3,False,0.0,399794420,train,0.0,1.408213688513112
TOI:3577.01,real,0,True,30.04257320634296,396133015,train,,
sim:396133015:0,sim,0,False,0.0,396133015,train,0.0002562791123618,2.486145439581021
sim:396133015:1,sim,0,False,0.0,396133015,train,0.0013965527447483,12.748779785552095
TOI:464.01,real,-2,True,21.095397136539663,398733009,train,,
sim:398733009:0,sim,3,True,19.29191734001298,398733009,train,0.0004420140476393,28.20233109033618
sim:398733009:1,sim,1,False,0.0,398733009,train,0.0387265650226883,25.58241647684914
TOI:2140.01,real,0,True,60.20575380910603,399860444,train,,
sim:399860444:0,sim,0,True,35.02096857757409,399860444,train,0.0039395293755121,0.5401547554768027
sim:399860444:1,sim,0,True,13.53808576181071,399860444,train,0.000996878524401,3.669235839073795
TOI:5283.01,real,-2,True,19.843338697328804,399956873,test,,
sim:399956873:0,sim,0,True,30.429475293466872,399956873,test,0.009188057520472,18.992968317756112
sim:399956873:1,sim,1,True,32.30023351612383,399956873,test,0.3905292962479361,2.3637376662694285
TOI:624.01,real,0,True,39.48298067793581,399870368,train,,
sim:399870368:0,sim,1,False,0.0,399870368,train,0.0013677377553308,4.719478879221905
sim:399870368:1,sim,2,True,26.31194066485541,399870368,train,0.0328939158964934,1.0254254374265026
TOI:232.01,real,0,True,44.85116020604239,402026209,train,,
sim:402026209:0,sim,0,True,8.975332790035557,402026209,train,0.0004567369977149,3.138126579660195
sim:402026209:1,sim,0,False,0.0,402026209,train,0.0004314732790973,8.847216052697268
TOI:3004.01,real,-2,False,23.11408215125157,400395395,train,,
sim:400395395:0,sim,1,True,19.011211763285534,400395395,train,0.2444068819722039,1.6258265412449484
sim:400395395:1,sim,3,True,14.54129974773474,400395395,train,0.0,1.9045406782197445
TOI:2175.01,real,0,True,39.02805449410313,405717754,train,,
sim:405717754:0,sim,1,True,27.054820848547795,405717754,train,0.1265821917354734,7.042861673751663
sim:405717754:1,sim,1,True,28.352084047453843,405717754,train,0.1876659653471826,2.407476105105286
TOI:4636.01,real,-2,False,-0.099935020373256,405484221,train,,
sim:405484221:0,sim,1,True,46.20538202952137,405484221,train,0.6431306965287261,11.09002794738934
sim:405484221:1,sim,3,True,18.253011851634326,405484221,train,0.0,0.7479781174959957
TOI:1289.01,real,-2,False,2.573549814804015,408203470,train,,
sim:408203470:0,sim,1,True,21.184619141837917,408203470,train,0.5225167384634117,1.4076929741244428
sim:408203470:1,sim,0,True,16.708718939026696,408203470,train,0.0134751853945785,1.2849413509853609
TOI:913.01,real,0,True,25.403833802953645,407126408,train,,
sim:407126408:0,sim,1,True,31.863087850225856,407126408,train,0.1365586603487537,11.36074951465729
sim:407126408:1,sim,0,True,31.27545049117909,407126408,train,0.0143946266835488,4.717507182747152
TOI:576.01,real,0,True,20.91591559150875,408310006,train,,
sim:408310006:0,sim,0,False,0.0,408310006,train,0.0004488326240211,10.297379149191284
sim:408310006:1,sim,0,True,26.04999710688825,408310006,train,0.0036788051170755,7.063281775841149
TOI:1736.01,real,0,True,25.83345858385575,408618999,train,,
sim:408618999:0,sim,0,True,43.04961477961571,408618999,train,0.0126987546353358,13.848053504697493
sim:408618999:1,sim,3,True,15.97435258230078,408618999,train,0.0,4.190730948951809
TOI:1759.01,real,0,False,8.101977906149813,408636441,test,,
sim:408636441:0,sim,0,False,0.0,408636441,test,0.000228265519499,21.835359771903
sim:408636441:1,sim,3,True,13.929073753352286,408636441,test,0.0005018180894811,11.63495186921933
TOI:935.01,real,-2,True,39.263632439704985,260476837,train,,
sim:260476837:0,sim,2,False,0.0,260476837,train,3.4971297110608646e-05,9.087385067816951
sim:260476837:1,sim,1,True,27.33619570069589,260476837,train,0.1572097224314091,2.557120002253314
TOI:905.01,real,0,True,55.86643422509776,261867566,train,,
sim:261867566:0,sim,0,True,28.407595952832445,261867566,train,0.0021646846508077,5.422784007894276
sim:261867566:1,sim,0,True,42.82320151979406,261867566,train,0.0205979958690621,0.8160636966032293
TOI:4531.01,real,0,True,46.253044591390896,262662119,train,,
sim:262662119:0,sim,3,True,12.458923942920157,262662119,train,0.0025484270740672,1.257163569031073
sim:262662119:1,sim,0,False,0.0,262662119,train,0.0009269230965603,14.473195768806407
TOI:1233.01,real,0,False,5.414603253719845,260647166,train,,
TOI:1233.02,real,0,False,14.157865696077508,260647166,train,,
TOI:1233.03,real,0,True,16.09493812191235,260647166,train,,
TOI:1233.04,real,0,True,9.157870700274954,260647166,train,,
sim:260647166:0,sim,2,True,30.918706065182132,260647166,train,0.0706832388194423,6.980142419567206
sim:260647166:1,sim,0,True,38.62147190273119,260647166,train,0.0220861846343156,6.6584097334138175
TOI:130.01,real,0,False,2.949526016774897,263003176,train,,
sim:263003176:0,sim,3,True,31.359250648813457,263003176,train,0.0,4.325353995245752
sim:263003176:1,sim,0,False,0.0,263003176,train,0.0036258065192186,17.28815196223002
TOI:619.01,real,-2,False,6.325222757155739,267527924,train,,
sim:267527924:0,sim,0,True,17.90797234354311,267527924,train,0.0036979250208954,2.0445937779020804
sim:267527924:1,sim,3,True,22.955225149080068,267527924,train,0.0001614531660777,1.744977758003047
TOI:1611.01,real,0,True,37.04293154517287,264678534,train,,
sim:264678534:0,sim,3,True,11.87058445083617,264678534,train,0.0,1.2765165338161997
sim:264678534:1,sim,2,True,45.019354809939294,264678534,train,0.0409738968495612,15.1535123252822
TOI:4489.01,real,0,True,38.88342800805433,267572272,train,,
sim:267572272:0,sim,0,True,19.63533269343765,267572272,train,0.0089084300054814,1.6058389481535726
sim:267572272:1,sim,3,True,18.65409200899903,267572272,train,0.0001247028003192,12.29131172512904
TOI:5574.01,real,-2,False,2.264542540910745,268405086,test,,
sim:268405086:0,sim,3,True,20.780488814782,268405086,test,0.0,5.10558240070823
sim:268405086:1,sim,0,False,0.0,268405086,test,0.004980368068278,9.953255770671383
TOI:3557.01,real,-2,False,-0.1768074576502904,271042173,train,,
sim:271042173:0,sim,3,False,0.0,271042173,train,0.0,0.997985905537296
sim:271042173:1,sim,2,True,8.888460041753362,271042173,train,0.0037854350988502,2.7826028086742265
sim:269333648:0,sim,1,True,16.66387860408307,269333648,train,0.0912348242578738,1.1753370529748062
sim:269333648:1,sim,1,True,18.670908889087897,269333648,train,0.1030790461590207,1.0487071959975056
TOI:1636.01,real,-2,True,51.37134411926627,269892793,test,,
sim:269892793:0,sim,2,False,0.0,269892793,test,0.001574345576076,3.1554317884640333
sim:269892793:1,sim,3,True,15.11966077365908,269892793,test,0.0,2.4001349865190504
TOI:389.01,real,-2,False,0.0,271900960,train,,
sim:271900960:0,sim,2,False,0.0,271900960,train,0.0005585093278956,0.8505666106234526
sim:271900960:1,sim,3,False,0.0,271900960,train,0.0,12.235039519686014
TOI:6073.01,real,0,False,1.4621861074827431,271424111,train,,
sim:271424111:0,sim,0,True,10.084368739960786,271424111,train,0.0170687995511814,2.7579496537604253
sim:271424111:1,sim,3,True,28.46315465948447,271424111,train,0.0,1.253337213565157
TOI:6039.01,real,-2,False,-5.092303291760224,272050287,train,,
sim:272050287:0,sim,1,True,20.73898342678494,272050287,train,0.4149724112969997,5.1729432436977145
sim:272050287:1,sim,3,True,10.867163658100177,272050287,train,0.0011354476390953,0.9784426279037663
TOI:1904.01,real,0,True,43.0609712233189,272213425,train,,
sim:272213425:0,sim,1,True,22.38161625419658,272213425,train,0.0287288571756116,28.500568154669285
sim:272213425:1,sim,3,True,20.493394582781733,272213425,train,0.0,2.1903989855282657
TOI:1613.01,real,-2,True,23.3926818744364,272625214,train,,
sim:272625214:0,sim,2,False,0.0,272625214,train,0.0018992236852467,0.7728337200236922
sim:272625214:1,sim,3,True,35.55984909909754,272625214,train,0.0,3.621774051227124
TOI:506.01,real,-2,False,-0.0401029897735857,274138511,train,,
sim:274138511:0,sim,2,True,18.471815210740925,274138511,train,0.0085067184994842,1.084937774152407
sim:274138511:1,sim,1,True,32.20351620199476,274138511,train,0.2190402059749623,18.33572703011535
TOI:1325.01,real,-2,True,19.99165741903876,274942910,train,,
sim:274942910:0,sim,0,True,22.381389055827185,274942910,train,0.0011244290777638,5.144443654446086
sim:274942910:1,sim,3,True,8.636983180958856,274942910,train,0.0003000071571273,18.31857839868224
TOI:1326.01,real,-2,False,19.11693467824298,275111900,train,,
sim:275111900:0,sim,1,True,19.841136893891907,275111900,train,0.0936369757598133,0.7080999376877526
sim:275111900:1,sim,1,True,24.01539557030837,275111900,train,0.4052021461543641,14.440834470958729
TOI:1308.01,real,-2,True,30.45791534781284,277014266,train,,
sim:277014266:0,sim,2,True,32.79224908471329,277014266,train,0.0142498765709394,20.37958448679216
sim:277014266:1,sim,3,False,0.0,277014266,train,0.0,4.182333806730804
TOI:2743.01,real,-2,False,5.56645548246025,280212554,train,,
sim:280212554:0,sim,3,True,7.867070190239599,280212554,train,0.0,1.072023771741878
sim:280212554:1,sim,0,False,0.0,280212554,train,0.0003167247895798,2.266582698339908
TOI:5524.01,real,0,False,0.0072075051607883,277833995,val,,
sim:277833995:0,sim,2,False,0.0,277833995,val,0.0204788519571116,2.7381781692112623
sim:277833995:1,sim,2,False,0.0,277833995,val,0.0028947510771502,1.1881041682547435
TOI:284.01,real,-2,False,1.156726153242392,277103955,train,,
sim:277103955:0,sim,1,True,41.42277323320177,277103955,train,0.0247115940498715,6.545483734050572
sim:277103955:1,sim,1,True,38.88924234058453,277103955,train,0.1932892123161552,3.601602560291816
TOI:535.01,real,0,True,24.26523075803668,280210963,train,,
sim:280210963:0,sim,3,True,16.023030389098917,280210963,train,0.0,14.46984195855926
sim:280210963:1,sim,1,True,35.43760790719437,280210963,train,0.1904498178961547,1.956634559263903
TOI:5145.01,real,0,True,30.206171291255167,281885301,train,,
sim:281885301:0,sim,2,True,23.843270068824022,281885301,train,0.0046798071234239,5.918796658373011
sim:281885301:1,sim,3,False,0.0,281885301,train,0.0,0.9074595866829964
TOI:3364.01,real,0,True,29.354846330410343,280655495,test,,
sim:280655495:0,sim,1,True,18.04779334071057,280655495,test,0.0849242284175727,1.3543252808624782
sim:280655495:1,sim,2,True,21.83316966590814,280655495,test,0.0049836054325006,0.9745382323507716
TOI:274.01,real,-2,True,16.463810333026547,281979481,train,,
sim:281979481:0,sim,0,True,27.870881188054447,281979481,train,0.0029299553952333,5.604339966405977
sim:281979481:1,sim,1,True,26.545947698999623,281979481,train,0.0430688054548032,11.639068927109433
TOI:1469.01,real,0,True,20.558877180892765,283722336,train,,
TOI:1469.02,real,0,False,7.781799688653484,283722336,train,,
sim:283722336:0,sim,0,True,33.50242098615675,283722336,train,0.0023161257989177,4.42287211691311
sim:283722336:1,sim,2,True,26.50186591896809,283722336,train,0.0005474905108111,6.4964331426958895
TOI:4618.01,real,0,True,39.36756852143574,284326455,train,,
sim:284326455:0,sim,3,True,11.710560969908087,284326455,train,0.0,0.6561494347967212
sim:284326455:1,sim,3,True,11.710560969908087,284326455,train,0.0,14.642379513463275
TOI:1569.01,real,-2,False,-0.5371851809560982,285666479,train,,
sim:285666479:0,sim,1,True,23.6723580648049,285666479,train,0.097734316124618,22.85218735669871
sim:285666479:1,sim,2,False,0.0,285666479,train,0.0059073474505032,0.6151799295546929
TOI:3681.01,real,0,True,44.59300514900631,285272237,train,,
CTOI:285272237.01,real,-1,False,2.6583075116210533,285272237,train,,
sim:285272237:0,sim,0,False,0.0,285272237,train,0.0012392742626851,18.646801303698613
sim:285272237:1,sim,2,True,17.60559031574164,285272237,train,0.0056179823710458,1.6305825155619884
TOI:1658.01,real,-2,True,10.364824200289572,286561122,train,,
sim:286561122:0,sim,0,True,15.325890822937351,286561122,train,0.0227105968205125,5.839090769409445
sim:286561122:1,sim,2,False,0.0,286561122,train,0.0121115907984361,0.5057087707421628
TOI:3422.01,real,0,True,43.85950325226878,286099128,val,,
sim:286099128:0,sim,1,True,26.015498673872635,286099128,val,0.1108179464865977,4.219247861913957
sim:286099128:1,sim,0,True,33.385829088958154,286099128,val,0.0112736114537429,0.5429084529256911
TOI:773.01,real,0,False,34.895852027047226,286865921,train,,
sim:286865921:0,sim,0,False,0.0,286865921,train,0.0010173884369927,17.993600937307257
sim:286865921:1,sim,0,False,0.0,286865921,train,0.0324563689027728,23.669768867462547
TOI:1794.01,real,0,True,9.861150761810638,286916251,test,,
sim:286916251:0,sim,0,True,31.853112685485705,286916251,test,0.0314146901239369,15.54505526138548
sim:286916251:1,sim,0,True,17.226370472826687,286916251,test,0.000750242332993,2.9147496189230657
TOI:1230.01,real,0,False,0.0,287156968,train,,
sim:287156968:0,sim,1,True,24.8116010916012,287156968,train,0.0018228400671725,11.45407052346743
sim:287156968:1,sim,2,True,17.34702567513568,287156968,train,0.0020259921907562,19.422594583138476
TOI:2981.01,real,0,True,43.35139191847456,287145649,test,,
sim:287145649:0,sim,0,True,50.459158079431134,287145649,test,0.0155627471668303,3.622430569992177
sim:287145649:1,sim,1,True,42.83552821396894,287145649,test,0.2154023294989466,3.316077953059265
TOI:5924.01,real,-2,False,16.739854510634416,289125016,val,,
sim:289125016:0,sim,1,False,0.0,289125016,val,0.5959683345863611,0.5216222101033948
sim:289125016:1,sim,2,False,0.0,289125016,val,0.0002131591961467,1.5863650202681754
TOI:2141.01,real,0,False,0.0013573395138631,287256467,train,,
sim:287256467:0,sim,3,True,10.991383832508674,287256467,train,0.0,10.862453966321096
sim:287256467:1,sim,0,True,29.78198154919344,287256467,train,0.0040784336309299,16.2445124163199
TOI:6015.01,real,0,True,28.52979624892212,288246496,val,,
sim:288246496:0,sim,1,True,31.231040799838063,288246496,val,0.1676611600925343,2.5665892896480496
sim:288246496:1,sim,0,True,24.611400095890204,288246496,val,0.0053288925705123,3.281455221626214
TOI:1659.01,real,0,False,1.153558507949016,288631580,train,,
TOI:1659.02,real,-1,False,3.508879855746638,288631580,train,,
sim:288631580:0,sim,1,True,22.71725277280616,288631580,train,0.1045486902636578,1.886563904790845
sim:288631580:1,sim,0,False,0.0,288631580,train,0.0005665218644278,0.8669392737017088
TOI:1018.01,real,-2,True,15.446609595703167,291555748,val,,
sim:291555748:0,sim,2,False,0.0,291555748,val,0.0015473621145908,0.6800920160250503
sim:291555748:1,sim,2,False,0.0,291555748,val,0.0005068147179908,19.36056146096434
TOI:792.01,real,-2,False,0.0,294780517,train,,
sim:294780517:0,sim,2,True,27.42917930368076,294780517,train,0.0050058059904826,18.60871199735961
sim:294780517:1,sim,1,True,21.05254783387954,294780517,train,0.0679824451257247,12.608467853782113
TOI:2550.01,real,-2,True,23.500790148143505,294500964,train,,
sim:294500964:0,sim,1,True,23.51517062202456,294500964,train,0.3422353872603503,2.3863376450501064
sim:294500964:1,sim,0,True,25.678797621862365,294500964,train,0.0033803120276248,0.8629392630566844
TOI:918.01,real,-2,False,0.0,294869729,train,,
sim:294869729:0,sim,0,False,0.0,294869729,train,0.0002330623316613,2.2124211498164263
sim:294869729:1,sim,2,False,0.0,294869729,train,0.0008052020307872,0.939729047306907
TOI:4621.01,real,0,True,44.96837594844488,293457754,val,,
sim:293457754:0,sim,2,False,0.0,293457754,val,0.0029207935100155,13.762913915403482
sim:293457754:1,sim,1,True,38.16683899215944,293457754,val,0.1765426465786607,2.767146563664976
TOI:1108.01,real,-2,False,26.41744416195111,295599256,train,,
sim:295599256:0,sim,0,True,13.542976091672209,295599256,train,0.0096396680136248,0.7296316613588242
sim:295599256:1,sim,0,True,13.37010358711485,295599256,train,0.0030100429296522,0.7505537473361841
TOI:1729.01,real,-2,False,-0.0425386837547707,298666530,train,,
sim:298666530:0,sim,3,True,17.414811485243927,298666530,train,0.0,1.764339016370722
sim:298666530:1,sim,2,False,0.0,298666530,train,0.0089672130188118,2.594351059624552
TOI:1025.01,real,-2,True,23.315384359916667,297967252,train,,
sim:297967252:0,sim,3,False,0.0,297967252,train,0.0004213436377112,0.5904029108408085
sim:297967252:1,sim,1,True,37.89247364734868,297967252,train,0.8290760487121107,3.8041380966452674
TOI:4458.01,real,-1,True,34.51128661702205,229671380,train,,
sim:229671380:0,sim,2,True,28.852838462195947,229671380,train,0.0729549944195356,13.908927863401274
sim:229671380:1,sim,2,False,0.0,229671380,train,0.0259549001387592,0.876716446420074
TOI:6349.01,real,-1,False,0.5400335561423439,470450936,train,,
sim:470450936:0,sim,1,True,13.558325559452983,470450936,train,0.0733766584275726,0.60360107797894
sim:470450936:1,sim,3,True,10.62199394180942,470450936,train,0.0,9.505624002338344
TOI:4768.01,real,-1,True,44.32694414645788,108940329,train,,
sim:108940329:0,sim,2,False,0.0,108940329,train,0.0019167964842873,15.255739960740296
sim:108940329:1,sim,3,True,21.93043928419269,108940329,train,0.0,0.76923371414919
TOI:5391.01,real,-1,False,1.4720985484224152,298600443,train,,
sim:298600443:0,sim,3,True,8.475047464317713,298600443,train,0.0,0.6471373459867681
sim:298600443:1,sim,1,True,26.604165064251852,298600443,train,0.2197790289642904,10.288752558761855
TOI:5879.01,real,-1,False,23.72947430315797,258037656,train,,
sim:258037656:0,sim,3,True,6.744670788976908,258037656,train,0.0,0.9682879543537468
sim:258037656:1,sim,2,False,0.0,258037656,train,0.0011247473751299,1.780133358517134
TOI:4969.01,real,-1,True,12.532659858401374,406106335,train,,
sim:406106335:0,sim,0,False,0.0,406106335,train,0.0037570052074498,2.672167338551904
sim:406106335:1,sim,0,False,0.0,406106335,train,0.0003679302586829,1.3139615667169118
TOI:4615.01,real,-1,True,28.01451442944141,84599716,val,,
sim:84599716:0,sim,1,True,23.96043194064628,84599716,val,0.3208579407586042,2.341463350898916
sim:84599716:1,sim,1,True,22.436560670241985,84599716,val,0.4216512112813,4.385844537054468
TOI:5333.01,real,-1,False,-2.507809156007541,96948338,val,,
sim:96948338:0,sim,1,False,0.0,96948338,val,0.1886715199494846,14.928170422402914
sim:96948338:1,sim,3,True,18.30654436631214,96948338,val,0.0,5.773221409369466
TOI:4965.01,real,-1,False,0.4194806417961874,129890791,test,,
sim:129890791:0,sim,3,True,10.310284011334346,129890791,test,0.0,2.2326628566322
sim:129890791:1,sim,0,True,16.32788456877241,129890791,test,0.0065593610680509,4.335770406089783
TOI:7384.01,real,-1,True,24.41478755350328,192833836,train,,
sim:192833836:0,sim,1,True,48.60120552440747,192833836,train,0.4321422452565606,0.5163482202782095
sim:192833836:1,sim,2,False,0.0,192833836,train,0.0003612005901367,11.81153919550081
TOI:324.01,real,-1,True,32.80046529002141,156002449,val,,
sim:156002449:0,sim,1,True,26.3484272203367,156002449,val,0.0779594415633296,20.472055223689782
sim:156002449:1,sim,0,True,33.56704967242706,156002449,val,0.0168172938877754,2.4943021671739367
TOI:3271.01,real,-1,True,18.27705599507687,406236094,train,,
sim:406236094:0,sim,3,True,14.76572766641052,406236094,train,0.0,1.6981030443012255
sim:406236094:1,sim,1,True,41.522317100074346,406236094,train,0.0247933912548932,1.5744445109390053
TOI:6055.01,real,-1,True,51.49009429115475,355640518,val,,
sim:355640518:0,sim,1,False,0.0,355640518,val,0.0092368775713991,1.0873936751905913
sim:355640518:1,sim,0,False,0.0,355640518,val,0.0086102882851262,1.6973928950205628
TOI:4041.01,real,-1,True,19.594260389412817,345645749,train,,
sim:345645749:0,sim,0,True,20.242347904405676,345645749,train,0.0123362747106294,0.8298338910293787
sim:345645749:1,sim,0,False,0.0,345645749,train,0.0003455452392424,10.66154360121356
TOI:3143.01,real,-1,True,13.45275257713143,384244834,test,,
sim:384244834:0,sim,3,True,18.649221775776088,384244834,test,0.0006708814833463,0.5083738800296028
sim:384244834:1,sim,3,True,22.076382536980603,384244834,test,0.0005456242697334,3.6513025588334544
TOI:6476.01,real,-1,True,39.461532592613445,380528770,test,,
TCE:00380528770-01,real,-1,False,1.9012471135144924,380528770,test,,
sim:380528770:0,sim,0,False,0.0,380528770,test,0.0024485018089963,19.13484371212712
sim:380528770:1,sim,3,True,22.21809663857029,380528770,test,0.0004342410352413,20.672082987750876
TOI:3443.01,real,-1,False,0.3502619957547689,392995938,train,,
sim:392995938:0,sim,0,True,15.092682841584422,392995938,train,0.0035982244084675,20.504041371759534
sim:392995938:1,sim,3,True,15.040877887481043,392995938,train,0.0,11.567636366052232
TOI:4660.01,real,-1,False,25.042912599067925,435259601,train,,
sim:435259601:0,sim,2,False,0.0,435259601,train,0.0007784856617967,4.573336330810479
sim:435259601:1,sim,0,True,26.647003371398934,435259601,train,0.0250299235279077,2.105532173095214
TOI:1890.01,real,-1,True,30.413022321051685,288636599,train,,
sim:288636599:0,sim,0,True,20.31936301004201,288636599,train,0.0226748439119897,0.5078745436445331
sim:288636599:1,sim,2,False,0.0,288636599,train,0.0015852079879176,20.691077001903736
TOI:3779.01,real,-1,True,15.237828099069096,742648307,val,,
sim:742648307:0,sim,0,False,0.0,742648307,val,0.0002092945671738,16.022410516602232
sim:742648307:1,sim,1,True,29.27516589979692,742648307,val,0.2250448863510076,13.8089324923859
TOI:6617.01,real,-1,True,19.634348527042587,439381274,train,,
sim:439381274:0,sim,0,False,0.0,439381274,train,0.006305337242919,7.144282704498134
sim:439381274:1,sim,3,True,12.680867650124776,439381274,train,0.0,8.396884970560762
TOI:3464.01,real,-1,True,15.072739752768248,290504044,val,,
sim:290504044:0,sim,2,False,0.0,290504044,val,0.0001075345687931,2.784544088102261
sim:290504044:1,sim,0,False,0.0,290504044,val,0.0002477280265097,1.071337324035008
sim:384159646:0,sim,0,False,0.0,384159646,train,0.0005179820189125,12.289593159109536
sim:384159646:1,sim,3,True,27.941882870143377,384159646,train,0.0,2.2040231715059697
TOI:4493.01,real,-1,True,8.083217322970478,263218688,train,,
sim:263218688:0,sim,2,False,0.0,263218688,train,0.0002546476663095,0.5686867328179234
sim:263218688:1,sim,0,True,20.6211893206998,263218688,train,0.0035046272070025,3.3030539911983072
sim:252490659:0,sim,2,False,0.0,252490659,train,0.0014669219185016,7.808859380097585
sim:252490659:1,sim,3,True,14.247176837795015,252490659,train,0.0,3.373877235778335
TOI:3066.01,real,-1,True,28.399959127931385,461968320,train,,
sim:461968320:0,sim,2,True,20.482780482772736,461968320,train,0.0053683548489459,6.436386777850272
sim:461968320:1,sim,1,True,20.937021975716288,461968320,train,0.3536272802269187,1.0033343610600929
TOI:2390.01,real,-1,True,36.49459349992174,369965258,test,,
sim:369965258:0,sim,1,True,28.83520915579954,369965258,test,0.1960142711296003,9.20571819570718
sim:369965258:1,sim,2,False,0.0,369965258,test,0.0064386149210747,23.14976540316976
TOI:4707.01,real,-1,False,-0.1149935258119546,322825139,train,,
sim:322825139:0,sim,0,True,16.397818778036047,322825139,train,0.0082193401485137,9.439423658465056
sim:322825139:1,sim,2,True,15.318321466699068,322825139,train,0.0069948302035257,3.150951709404925
TOI:5965.01,real,-1,True,21.47212464486261,405788729,train,,
sim:405788729:0,sim,0,True,33.49403613635641,405788729,train,0.0262045460332738,11.762553849499191
sim:405788729:1,sim,3,False,0.0,405788729,train,0.0,0.7519259394442661
TOI:2101.01,real,-1,False,0.0867831420476827,165527918,val,,
sim:165527918:0,sim,3,True,8.159693028266762,165527918,val,0.0,0.7271229704512328
sim:165527918:1,sim,1,True,33.35972361147745,165527918,val,0.0695302403597287,2.4756880358214715
TOI:3834.01,real,-1,True,26.16438151042123,355953198,train,,
sim:355953198:0,sim,3,True,12.93466785404967,355953198,train,0.0,1.8040389415268572
sim:355953198:1,sim,1,True,31.3375723243629,355953198,train,0.2427964134703798,5.520622648162318
TOI:4027.01,real,-1,False,5.22299156863121,427866520,train,,
sim:427866520:0,sim,0,False,0.0,427866520,train,0.0,19.708185124209027
sim:427866520:1,sim,2,True,16.10267081704674,427866520,train,0.0049253642312053,0.5664528944583166
TOI:5561.01,real,-1,True,16.806988186367285,330637910,train,,
sim:330637910:0,sim,1,True,23.12547054201571,330637910,train,0.345453771789149,2.7342570223496714
sim:330637910:1,sim,0,False,0.0,330637910,train,0.0009256710952871,10.383609783534771
TOI:4876.01,real,-1,False,-0.1186242062021351,458300989,train,,
sim:458300989:0,sim,2,False,0.0,458300989,train,0.0022264477467967,10.328571125365183
sim:458300989:1,sim,1,True,30.853539122494293,458300989,train,0.1093358332132139,4.41086222885427
TOI:3302.01,real,-1,True,26.207645444081184,383299778,train,,
sim:383299778:0,sim,3,True,11.659289961872338,383299778,train,0.001093927500401,14.525631578344242
sim:383299778:1,sim,3,True,11.113844422355845,383299778,train,0.0004927081174308,0.5222169784608156
TOI:6771.01,real,-1,False,7.416884730229407,61621800,train,,
sim:61621800:0,sim,3,True,8.317123418268485,61621800,train,0.0,1.310480466129843
sim:61621800:1,sim,3,True,8.317123418268485,61621800,train,0.0,6.9924162736972
TOI:3279.01,real,-1,False,-0.100868836609537,179987678,val,,
sim:179987678:0,sim,3,True,16.44785107856309,179987678,val,0.0001118172178269,0.682300624112938
sim:179987678:1,sim,0,True,35.454918752731096,179987678,val,0.015306021631359,1.027466508237178
TOI:6168.01,real,-1,False,19.797459477688648,10593553,train,,
sim:10593553:0,sim,1,True,9.559284103074924,10593553,train,0.4496417281473441,0.8729493618960158
sim:10593553:1,sim,0,True,15.160011089720852,10593553,train,0.0198645411221244,1.8768691095491297
TOI:4701.01,real,-1,True,16.500094591830266,9344899,val,,
sim:9344899:0,sim,0,False,0.0,9344899,val,0.002697299025258,2.460171947574576
sim:9344899:1,sim,3,True,16.099602432378358,9344899,val,0.0007195033487938,3.942968055364896
TOI:6129.01,real,-1,True,20.68890801694906,115739057,test,,
sim:115739057:0,sim,1,True,11.653212047444818,115739057,test,0.3540312361394463,0.7473104014693646
sim:115739057:1,sim,3,True,7.60154015807621,115739057,test,0.0001214232377844,5.679171959316404
TOI:4501.01,real,-1,True,10.06237058607469,22069559,train,,
sim:22069559:0,sim,1,True,23.5759386268216,22069559,train,0.0785048378747101,15.825687519499494
sim:22069559:1,sim,0,True,27.455760970331838,22069559,train,0.0011387623547877,6.949953540930214
TOI:5415.01,real,-1,True,38.97181580782126,52517713,train,,
sim:52517713:0,sim,1,True,40.26556651408971,52517713,train,0.1530504328038958,18.548230001430717
sim:52517713:1,sim,0,True,46.545189390100326,52517713,train,0.0096338505870025,1.4489864844270173
TOI:7184.01,real,-1,False,0.2756993520777316,426956677,train,,
sim:426956677:0,sim,0,False,0.0,426956677,train,0.0003048961712664,10.209671234474586
sim:426956677:1,sim,1,True,24.760000285931252,426956677,train,0.0466685925708212,2.728241587973554
TOI:5006.01,real,-1,True,19.49666174067828,449107129,test,,
sim:449107129:0,sim,1,True,21.95030729915282,449107129,test,0.1616559004714393,11.552386495968596
sim:449107129:1,sim,0,False,0.0,449107129,test,0.0011810129293156,4.407492897694367
TOI:4804.01,real,-1,True,14.776725079493362,320341952,val,,
sim:320341952:0,sim,3,True,12.253215814873757,320341952,val,0.0,10.223650824973095
sim:320341952:1,sim,0,True,22.88771698855711,320341952,val,0.0047088086428849,0.8997550357752755
TOI:566.01,real,-2,False,6.664013642063988,1133072,test,,
sim:1133072:0,sim,0,False,0.0,1133072,test,0.0013470170071989,10.127428036179952
sim:1133072:1,sim,2,False,0.0,1133072,test,0.0104245242052189,4.094773466292582
TOI:6874.01,real,-2,True,26.115105017688823,4426490,val,,
sim:4426490:0,sim,0,True,19.58941472532823,4426490,val,0.0126499338224121,10.792605087996511
sim:4426490:1,sim,1,True,20.4660149887519,4426490,val,0.0617392752409566,1.611233612712382
TOI:1774.01,real,0,False,-3.592362732774431,4897275,val,,
sim:4897275:0,sim,1,True,39.14772817995661,4897275,val,0.0394072578008477,18.6291785969435
sim:4897275:1,sim,1,True,39.80119682453411,4897275,val,0.1696082517967345,11.18121297119599
TOI:2878.01,real,-2,False,1.98690544322041,4999813,val,,
sim:4999813:0,sim,1,True,19.495281650162564,4999813,val,0.0171561086193458,2.713726599333325
sim:4999813:1,sim,0,True,17.21405736192814,4999813,val,0.0083024105757657,0.9660336450208084
TOI:448.01,real,0,True,43.78399698999672,1528696,train,,
sim:1528696:0,sim,3,True,25.82521562704028,1528696,train,0.0,9.268419674320414
sim:1528696:1,sim,1,True,30.20951754528924,1528696,train,0.0758690096904494,6.600618153502049
TOI:5398.01,real,0,True,25.80646794202124,8260536,train,,
TOI:5398.02,real,0,False,-0.1230699183106953,8260536,train,,
sim:8260536:0,sim,3,True,13.12993410221664,8260536,train,0.0,2.046405541735232
sim:8260536:1,sim,0,False,0.0,8260536,train,0.0006948720505755,11.675210610936148
TOI:5747.01,real,0,True,18.12512261521333,4918918,train,,
CTOI:4918918.01,real,-1,True,34.59465394120743,4918918,train,,
CTOI:4918918.02,real,-1,False,-0.2928434077477926,4918918,train,,
CTOI:4918918.03,real,-1,False,-0.0737172633481172,4918918,train,,
CTOI:4918918.04,real,-1,False,3.9785670933380537,4918918,train,,
CTOI:4918918.05,real,-1,False,1.1351794534956956,4918918,train,,
sim:4918918:0,sim,1,True,29.98968820661962,4918918,train,0.142552462863494,1.078225402607784
sim:4918918:1,sim,2,False,0.0,4918918,train,0.0002869372859216,0.5005013266391668
TOI:5083.01,real,0,True,10.9901331287969,5882269,train,,
sim:5882269:0,sim,1,False,0.0,5882269,train,0.0014562725169727,1.0056769495465216
sim:5882269:1,sim,2,False,0.0,5882269,train,0.0118154079571821,0.628257954258602
TOI:412.01,real,-2,False,0.0,7624182,train,,
sim:7624182:0,sim,2,True,24.559915342107388,7624182,train,0.0281362082826335,4.106753519370002
sim:7624182:1,sim,0,True,28.694709703948224,7624182,train,0.0091999627414641,13.316782116248897
TOI:373.01,real,-2,False,0.0,9032368,train,,
sim:9032368:0,sim,0,False,0.0,9032368,train,0.001148487171571,4.874424101068798
sim:9032368:1,sim,0,False,0.0,9032368,train,0.0005598272728163,1.4601419050107145
TOI:6546.01,real,0,True,19.261217411119546,9385460,train,,
sim:9385460:0,sim,2,False,0.0,9385460,train,0.0003298416250538,5.75042729676246
sim:9385460:1,sim,0,False,0.0,9385460,train,0.0008437653314942,2.862028354589069
TOI:5373.01,real,0,True,48.80192847755495,9155187,train,,
sim:9155187:0,sim,2,False,0.0,9155187,train,4.202621580129407e-05,27.003022469247643
sim:9155187:1,sim,0,True,49.97487583280778,9155187,train,0.0069443209903703,5.688530034449287
TOI:236.01,real,-2,True,37.40624810341713,9727392,train,,
sim:9727392:0,sim,1,True,28.55765774474584,9727392,train,0.0315827449261185,1.5082912835466318
sim:9727392:1,sim,3,False,0.0,9727392,train,0.0018640100833096,3.176108467296845
TOI:1775.01,real,0,True,31.87934002742308,9348006,train,,
sim:9348006:0,sim,3,True,18.001793469417603,9348006,train,0.0,0.8010500545190162
sim:9348006:1,sim,3,True,18.001793469417603,9348006,train,0.0,18.67353483009778
TOI:7478.01,real,0,True,12.49123658323552,11270200,train,,
sim:11270200:0,sim,2,False,0.0,11270200,train,0.0144913059095496,1.0815351549809549
sim:11270200:1,sim,3,True,13.368163837437605,11270200,train,0.0,1.1207439471637783
TOI:1313.01,real,-2,True,15.962855388590803,11111899,train,,
sim:11111899:0,sim,0,False,0.0,11111899,train,0.0008219035386978,5.593190119658681
sim:11111899:1,sim,2,True,20.29557314885391,11111899,train,0.0416620247445128,0.8280991187188634
TOI:7503.01,real,0,True,17.863171615605623,11439959,train,,
sim:11439959:0,sim,0,True,17.587128745093842,11439959,train,0.0156458113851674,4.145761352200846
sim:11439959:1,sim,3,True,11.107605730920673,11439959,train,0.0,7.630060753480057
TOI:7493.01,real,0,True,13.708248441715863,12611594,train,,
sim:12611594:0,sim,0,True,14.11478044705193,12611594,train,0.0177164383687655,1.5953385495639156
sim:12611594:1,sim,1,True,16.297045572795597,12611594,train,0.1653605624780704,2.8419639618021546
TOI:1188.01,real,-2,True,24.93816955788624,15247229,train,,
sim:15247229:0,sim,0,True,16.58816844052035,15247229,train,0.0089904539277327,1.752885045434994
sim:15247229:1,sim,3,True,16.126959641171705,15247229,train,0.0001379252932548,6.358980005044534
TOI:747.01,real,0,True,35.845515156703904,15445551,train,,
TCE:00015445551-02,real,-1,False,0.6244433407560604,15445551,train,,
sim:15445551:0,sim,0,False,0.0,15445551,train,0.0003127467826593,7.2002688776483845
sim:15445551:1,sim,2,False,0.0,15445551,train,0.0029147711237392,2.448634139758292
TOI:751.01,real,0,True,49.34202733780862,14661418,test,,
sim:14661418:0,sim,3,True,9.140416590203415,14661418,test,0.0032632299312174,7.377944026551942
sim:14661418:1,sim,3,True,9.874802872559863,14661418,test,0.0,5.502806324693626
TOI:5558.01,real,0,False,-0.152444660922309,14570099,val,,
sim:14570099:0,sim,1,True,30.148204916588927,14570099,val,0.0650078732492358,4.30179118459229
sim:14570099:1,sim,1,True,23.478988806166527,14570099,val,0.4420189994956738,2.545825584395158
TOI:5886.01,real,-2,True,18.63656544021489,15682927,test,,
sim:15682927:0,sim,2,True,13.59186622641817,15682927,test,0.0283113162707515,4.865925757966066
sim:15682927:1,sim,2,False,0.0,15682927,test,0.0019288735614919,0.5663420235474589
TOI:4634.01,real,-2,False,0.7922162583013932,17150865,train,,
sim:17150865:0,sim,1,False,0.0,17150865,train,0.1586566361415544,0.6369898084356348
sim:17150865:1,sim,2,False,0.0,17150865,train,0.0063516395030769,10.484970712840369
TOI:5080.01,real,0,False,0.0,17409453,train,,
sim:17409453:0,sim,2,False,0.0,17409453,train,0.0002229962070684,8.79349838018339
sim:17409453:1,sim,0,True,36.09821816592766,17409453,train,0.020713195832795,9.699729874379118
TOI:6086.01,real,0,False,0.0,18318288,train,,
sim:18318288:0,sim,2,False,0.0,18318288,train,0.000101825207026,1.335487450257456
sim:18318288:1,sim,2,False,0.0,18318288,train,0.0028807131561834,24.957642453772493
TOI:1800.01,real,0,True,44.72783637995328,17993892,train,,
sim:17993892:0,sim,1,True,24.34728496223933,17993892,train,0.5663703733834531,3.110371206823221
sim:17993892:1,sim,3,True,16.438838745368173,17993892,train,0.0001607372380015,23.429403717682664
TOI:1776.01,real,0,False,-0.1111363755823318,21535395,train,,
sim:21535395:0,sim,0,False,0.0,21535395,train,0.0006002541839232,3.8986103331550384
sim:21535395:1,sim,1,True,44.83457637785606,21535395,train,0.1606570734899508,9.564794628519852
TOI:2151.01,real,-2,True,27.22397322859295,23389848,test,,
sim:23389848:0,sim,2,False,0.0,23389848,test,0.0298088038813512,26.52680916781779
sim:23389848:1,sim,1,True,22.295505618541306,23389848,test,0.4182648628251428,0.7985147846875393
TOI:1203.01,real,0,False,-1.4279864591597229,23434737,val,,
sim:23434737:0,sim,0,True,32.26239121787449,23434737,val,0.0103503205505391,11.069079916553475
sim:23434737:1,sim,3,True,18.31661523465655,23434737,val,0.0,11.575072594079298
TOI:2338.01,real,0,False,20.9464314298814,24358417,val,,
sim:24358417:0,sim,2,True,39.9370298562046,24358417,val,0.0133345076124321,5.168451786410008
sim:24358417:1,sim,0,True,25.974163682304944,24358417,val,0.0072172913374879,19.336432491801503
TOI:114.01,real,0,True,31.79611881158693,25155310,train,,
sim:25155310:0,sim,1,True,26.657544666807084,25155310,train,0.0262747174127461,3.6152638689773
sim:25155310:1,sim,2,True,29.9088202345487,25155310,train,0.0409537369453859,23.299668690554117
TOI:2076.01,real,0,False,-1.989459136791468,27491137,train,,
TOI:2076.02,real,0,False,-0.0434804827796316,27491137,train,,
TOI:2076.03,real,0,False,-5.99132322634242,27491137,train,,
sim:27491137:0,sim,2,False,0.0,27491137,train,0.0010854468522135,5.284488197126025
sim:27491137:1,sim,3,True,17.01268810208405,27491137,train,0.0024295359809942,24.008351197721822
TOI:143.01,real,0,True,37.91795411128049,25375553,train,,
sim:25375553:0,sim,0,True,27.476135719223763,25375553,train,0.0314301175912741,1.164775261563115
sim:25375553:1,sim,3,True,17.450495517989395,25375553,train,0.0,1.2856607010649037
TOI:3290.01,real,-2,False,0.1853437766467241,31697707,train,,
sim:31697707:0,sim,1,True,14.546332078833414,31697707,train,0.2255640947169417,2.85647609891998
sim:31697707:1,sim,0,False,0.0,31697707,train,0.0014678431793919,0.867686255992428
TOI:6967.01,real,0,False,0.0,27635334,train,,
sim:27635334:0,sim,3,True,9.95192956264622,27635334,train,0.0023045097046641,22.833433103970307
sim:27635334:1,sim,0,True,17.732135053963976,27635334,train,0.0032250381017171,1.2107906845967769
TOI:4482.01,real,0,True,25.516146063202303,27990610,test,,
sim:27990610:0,sim,3,False,0.0,27990610,test,0.0038432863413679,1.2641834005175665
sim:27990610:1,sim,0,False,0.0,27990610,test,0.0001918474083515,3.0082977425699244
TOI:437.01,real,0,True,37.33304128375121,32499655,train,,
sim:32499655:0,sim,3,False,0.0,32499655,train,0.0,1.9739876291930132
sim:32499655:1,sim,0,False,0.0,32499655,train,0.0011569119114371,0.9821480428112304
TOI:2464.01,real,0,True,34.40191592411108,32949762,train,,
sim:32949762:0,sim,0,False,0.0,32949762,train,0.0089840257262552,4.561764969516725
sim:32949762:1,sim,2,True,27.93115470978852,32949762,train,0.0317694442297266,9.187849885459476
TOI:984.01,real,-2,True,36.88717933295082,33091633,train,,
sim:33091633:0,sim,2,False,0.0,33091633,train,0.0006064543130691,2.117238278725464
sim:33091633:1,sim,0,True,36.013711028910336,33091633,train,0.0151061834613512,0.8216100081213222
TOI:2999.01,real,-2,True,30.29545624824001,34505005,val,,
sim:34505005:0,sim,3,False,0.0,34505005,val,0.0035767649150399,0.639940985862432
sim:34505005:1,sim,0,False,0.0,34505005,val,0.0003010847281569,1.5137602772236038
TOI:6693.01,real,-2,True,20.988910754874265,35377903,train,,
sim:35377903:0,sim,2,False,0.0,35377903,train,0.0007186562788387,21.501537768507145
sim:35377903:1,sim,0,False,0.0,35377903,train,0.0010370610111307,8.356293110944849
TOI:3825.01,real,-2,False,12.995660399438526,39077574,train,,
sim:39077574:0,sim,0,True,19.135216852608966,39077574,train,0.0314576170867676,1.8765189710325887
sim:39077574:1,sim,3,True,17.379941749502805,39077574,train,0.000879413658007,0.6896619663889988
TOI:547.01,real,0,True,25.82848431333117,36352297,test,,
sim:36352297:0,sim,1,True,37.01376214307046,36352297,test,0.2857601147825916,8.059877436143438
sim:36352297:1,sim,1,True,23.25065456768416,36352297,test,0.0339227298940927,14.130583191841218
TOI:568.01,real,-2,True,14.57874230999323,37575651,train,,
TCE:00037575651-01,real,-1,False,3.343413458544652,37575651,train,,
sim:37575651:0,sim,2,True,22.949884765673392,37575651,train,0.0118425005187394,18.146456857581622
sim:37575651:1,sim,1,False,0.0,37575651,train,0.1351119601923212,24.30989990318528
TOI:260.01,real,0,False,-1.1282935599195276,37749396,train,,
sim:37749396:0,sim,3,True,9.202252460096387,37749396,train,0.0,16.36424291645735
sim:37749396:1,sim,2,False,0.0,37749396,train,0.0001546462476238,3.111267519529412
TOI:4330.01,real,-2,False,-0.0518821173466974,47617038,test,,
sim:47617038:0,sim,0,False,0.0,47617038,test,0.0014879863626615,9.78234396452304
sim:47617038:1,sim,1,True,12.036810157260255,47617038,test,0.4314698328591628,0.7163275651429412
TOI:2020.01,real,0,True,27.627572161346407,39903405,train,,
sim:39903405:0,sim,2,False,0.0,39903405,train,0.0001524899291533,0.7251224925809889
sim:39903405:1,sim,0,True,27.0939012544174,39903405,train,0.0255545884894894,11.41552979403768
TOI:5855.01,real,-2,True,17.002293127526816,41422753,train,,
sim:41422753:0,sim,2,False,0.0,41422753,train,0.0006731162706311,20.947061375356924
sim:41422753:1,sim,2,True,39.19475682259373,41422753,train,0.0717793143232047,3.086105706773236
TOI:1159.01,real,-2,False,9.82318278123621,48188920,train,,
sim:48188920:0,sim,3,True,10.32996184884333,48188920,train,0.0,6.414849296654968
sim:48188920:1,sim,2,True,10.046959922573045,48188920,train,0.0050497415830395,1.6735074323465502
TOI:1276.01,real,-2,True,18.571383864554495,43064903,train,,
sim:43064903:0,sim,0,True,39.40941886157413,43064903,train,0.0297520111763557,3.8304226731065967
sim:43064903:1,sim,2,False,0.0,43064903,train,0.001544432834184,7.722016329163881
TOI:4914.01,real,0,True,34.797335530863066,49254857,val,,
sim:49254857:0,sim,1,True,13.90675397160836,49254857,val,0.1324367625246307,3.34018141244322
sim:49254857:1,sim,3,True,27.32384295978689,49254857,val,0.0035502328777656,4.895145205313101
TOI:6004.01,real,0,False,0.7319500085436712,48353358,test,,
sim:48353358:0,sim,3,True,12.015920383810217,48353358,test,0.0001256141838306,1.3932945930176095
sim:48353358:1,sim,3,True,12.273745145890198,48353358,test,0.0,4.590589270989542
TOI:1632.01,real,-2,True,33.799220235737586,51024887,train,,
sim:51024887:0,sim,0,False,0.0,51024887,train,0.0001728827324318,20.20918121340277
sim:51024887:1,sim,2,False,0.0,51024887,train,0.0002132870304062,4.187212756690147
TOI:2164.01,real,-2,False,1.9568481002195288,49967354,train,,
sim:49967354:0,sim,1,True,29.11272765451755,49967354,train,0.1327109935078669,2.216423324703175
sim:49967354:1,sim,1,True,36.404715840250105,49967354,train,0.2441471569750104,1.7869864109061688
TOI:1589.01,real,-2,False,-0.0025852881869575,52041724,train,,
sim:52041724:0,sim,0,True,23.896743612046627,52041724,train,0.0009561531389643,3.099639812738233
sim:52041724:1,sim,0,True,9.841886588811503,52041724,train,0.0002624453194456,1.084998673039362
TOI:1045.01,real,-2,True,14.5428302042117,54044474,train,,
sim:54044474:0,sim,3,False,0.0,54044474,train,0.0,9.826812099130136
sim:54044474:1,sim,1,True,12.281164098559216,54044474,train,0.0702627244538822,1.876056836791669
TOI:125.01,real,0,True,20.18795511622488,52368076,train,,
TOI:125.02,real,0,True,19.72455811105654,52368076,train,,
TOI:125.03,real,0,False,-0.3884273811489146,52368076,train,,
sim:52368076:0,sim,2,False,0.0,52368076,train,0.0003671308192907,8.31973194293929
sim:52368076:1,sim,1,True,39.36024144147706,52368076,train,0.1252030426074482,2.2002882775415906
TOI:694.01,real,-2,False,-0.0203420040652816,55383975,train,,
sim:55383975:0,sim,0,False,0.0,55383975,train,0.0005698165916363,2.323626722465521
sim:55383975:1,sim,0,False,0.0,55383975,train,0.0011329757842285,12.364767908689482
TOI:662.01,real,-2,True,10.590827517695036,54085154,val,,
sim:54085154:0,sim,1,True,23.20688132809248,54085154,val,0.2234865846093383,0.5528617803336884
sim:54085154:1,sim,0,True,46.0438344023896,54085154,val,0.0318410517450314,2.272181773319
TOI:1847.01,real,0,False,-0.1680810361543841,54002556,train,,
TOI:1847.02,real,-1,True,23.7351176228288,54002556,train,,
sim:54002556:0,sim,2,False,0.0,54002556,train,0.0035259940112527,26.11124974419
sim:54002556:1,sim,1,True,39.69918859915319,54002556,train,0.1363971388145891,2.35153286565221
TOI:336.01,real,-2,True,31.430310563008693,55452495,val,,
sim:55452495:0,sim,0,True,19.43204927012688,55452495,val,0.0219565510595852,0.990623514988088
sim:55452495:1,sim,0,True,18.42182502776928,55452495,val,0.0057161054337935,1.133508208467192
TOI:3122.01,real,-2,True,26.572547460418647,61117473,train,,
sim:61117473:0,sim,2,False,0.0,61117473,train,0.0008976167479883,1.527038840684018
sim:61117473:1,sim,2,True,33.92603579052585,61117473,train,0.050180913649462,2.65634093743332
TOI:216.01,real,0,False,-0.16770499395025,55652896,train,,
TOI:216.02,real,0,False,5.660736885749494,55652896,train,,
sim:55652896:0,sim,3,True,15.334658239408752,55652896,train,0.0,1.145322130868027
sim:55652896:1,sim,0,True,25.70020672562909,55652896,train,0.0288264739797654,0.9159448142996138
TOI:1683.01,real,0,True,23.654720579660868,58542531,train,,
sim:58542531:0,sim,3,True,17.365330387445415,58542531,train,0.0,0.5870548359964677
sim:58542531:1,sim,3,True,17.365330387445415,58542531,train,0.0,2.0606823459262382
TOI:139.01,real,0,False,0.1695383857670661,62483237,train,,
sim:62483237:0,sim,0,True,25.454251511320496,62483237,train,0.0009643471943837,1.5747418127949862
sim:62483237:1,sim,1,True,29.00786398444785,62483237,train,0.0035977385700515,2.3953948383303936
TOI:5016.01,real,-2,False,13.595450355087069,68322189,train,,
sim:68322189:0,sim,1,True,17.910422530784743,68322189,train,0.0718000195445742,2.265055403480691
sim:68322189:1,sim,3,True,15.906806782051389,68322189,train,0.0,4.399820659445879
TOI:5079.01,real,-2,True,14.523208381380345,69672493,train,,
sim:69672493:0,sim,2,True,18.037537047515546,69672493,train,0.0239222431161786,6.387956636201975
sim:69672493:1,sim,3,True,11.476886851895278,69672493,train,0.0,0.5032058854063337
TOI:1399.01,real,-2,True,23.546844413496085,66783360,train,,
sim:66783360:0,sim,0,False,0.0,66783360,train,0.0,29.212765287865903
sim:66783360:1,sim,3,False,0.0,66783360,train,0.0,0.7088664469620783
TOI:5232.01,real,0,True,37.30920141421097,69356857,train,,
sim:69356857:0,sim,2,False,0.0,69356857,train,0.0011660563515729,8.263464022755949
sim:69356857:1,sim,0,False,0.0,69356857,train,0.0002061432074695,17.300533920624506
TOI:3658.01,real,-2,True,17.840121785986412,71854732,test,,
sim:71854732:0,sim,2,False,0.0,71854732,test,0.0003794820661814,9.478301932320278
sim:71854732:1,sim,3,True,8.910905080501967,71854732,test,0.0,3.1074811064563583
TOI:3824.01,real,-2,True,27.35936851497255,71134735,train,,
sim:71134735:0,sim,2,True,20.06754438708005,71134735,train,0.0046207793062168,1.8636519671061416
sim:71134735:1,sim,1,True,22.292076611262388,71134735,train,0.0859703881332818,3.793199200297031
TOI:1133.01,real,-2,False,0.2104250876536185,69997672,train,,
sim:69997672:0,sim,3,True,16.057645052875735,69997672,train,0.0,2.3768167523762003
sim:69997672:1,sim,1,True,28.22537230109969,69997672,train,0.0100565663710512,16.602385897260255
TOI:1723.01,real,0,False,14.419396259660324,71431780,train,,
sim:71431780:0,sim,2,True,34.9643552514298,71431780,train,0.0186924531341031,11.442315339943525
sim:71431780:1,sim,1,True,30.508456555295204,71431780,train,0.521484999578699,1.0166703168963855
TOI:584.01,real,-2,False,1.7955747747654334,74482749,train,,
sim:74482749:0,sim,3,False,0.0,74482749,train,0.0002000561131784,1.3255331145775595
sim:74482749:1,sim,1,True,19.762239958496696,74482749,train,0.6213256124942504,10.61163168120128
TOI:4469.01,real,0,True,49.26276705763158,75262942,test,,
sim:75262942:0,sim,3,True,18.085531325203306,75262942,test,0.0,0.7858990638931932
sim:75262942:1,sim,0,False,0.0,75262942,test,0.0095174837599701,1.3243273199893064
TOI:2171.01,real,-2,False,-0.0171388456307373,75656058,train,,
sim:75656058:0,sim,3,False,0.0,75656058,train,0.0,8.850137706766315
sim:75656058:1,sim,0,False,0.0,75656058,train,0.0025479164558895,1.2912713445299715
TOI:2135.01,real,0,True,46.189667990959656,76419763,train,,
sim:76419763:0,sim,1,True,45.48748392698501,76419763,train,0.0393827069493984,11.836492691124008
sim:76419763:1,sim,2,True,27.62781652022734,76419763,train,0.0019665677986769,1.755085933571101
TOI:1903.01,real,0,True,42.69913930992649,77156657,train,,
sim:77156657:0,sim,3,True,18.15274523204238,77156657,train,0.000123516529346,0.5699060907208036
sim:77156657:1,sim,0,False,0.0,77156657,train,0.0002586650904855,20.560957075863
TOI:598.01,real,-2,False,13.720152611917271,81429971,train,,
sim:81429971:0,sim,1,True,20.329016242742437,81429971,train,0.0827585517808263,0.9708719357207304
sim:81429971:1,sim,2,True,19.75282143497837,81429971,train,0.0287539325737007,1.1773688256796293
TOI:4840.01,real,-2,False,4.540845126390274,80029842,train,,
sim:80029842:0,sim,3,True,18.78275026527949,80029842,train,0.0,5.641394729900297
sim:80029842:1,sim,0,True,23.81389236708684,80029842,train,0.0151529582480366,0.9166608630386416
TOI:1725.01,real,0,True,22.80198265446364,86396382,train,,
sim:86396382:0,sim,3,True,9.587416514694237,86396382,train,0.0002934975060158,13.781921362835211
sim:86396382:1,sim,3,True,12.699283349450084,86396382,train,0.0,1.2723492877845066
TOI:1038.01,real,-2,False,-0.581353261857929,90544017,test,,
sim:90544017:0,sim,3,True,10.610098346852936,90544017,test,0.0002885397950319,2.6691946112286358
sim:90544017:1,sim,2,True,18.117970831460287,90544017,test,0.0076102171510986,4.176761246669061
TOI:1234.01,real,-2,False,2.10132469655825,90504905,train,,
sim:90504905:0,sim,0,False,0.0,90504905,train,0.0010642499796859,4.717878157584055
sim:90504905:1,sim,0,False,0.0,90504905,train,0.000240194393914,2.784286079784498
TOI:1193.01,real,-2,True,24.574979521862705,89643259,train,,
sim:89643259:0,sim,1,True,29.05057368925321,89643259,train,0.2642274326077971,16.150836976682733
sim:89643259:1,sim,0,False,0.0,89643259,train,0.0005613002768615,5.768350198042734
TOI:2736.01,real,-2,False,2.050995371025092,91869778,val,,
sim:91869778:0,sim,2,False,0.0,91869778,val,0.0027373136350238,0.6969950837171143
sim:91869778:1,sim,2,True,11.304628889187695,91869778,val,0.0248814180441683,0.9986601238820784
TOI:1704.01,real,-2,True,28.44804801920864,95129101,train,,
sim:95129101:0,sim,0,True,16.20580144148329,95129101,train,0.0013739141615007,2.525418440969774
sim:95129101:1,sim,0,True,28.37472066322974,95129101,train,0.0088005155543637,6.720209175964913
TOI:455.01,real,0,False,0.0,98796344,test,,
CTOI:98796344.02,real,-1,False,0.0,98796344,test,,
sim:98796344:0,sim,0,False,0.0,98796344,test,0.0289071846720059,22.986314329238372
sim:98796344:1,sim,0,False,0.0,98796344,test,0.0011183630295835,2.6574819244382044
TOI:896.01,real,-2,False,-1.855525157551144,102283403,train,,
sim:102283403:0,sim,3,True,6.459171736494389,102283403,train,0.0,0.8858640946784195
sim:102283403:1,sim,2,False,0.0,102283403,train,0.0010567114377352,7.341707123593916
TOI:2129.01,real,0,True,33.14155389405606,101721385,train,,
sim:101721385:0,sim,0,True,31.13276209132123,101721385,train,0.0208021623985523,15.923953583947762
sim:101721385:1,sim,2,False,0.0,101721385,train,0.0001086244096024,5.98634493039604
TOI:623.01,real,-2,True,55.41905349129629,101395259,train,,
TCE:00101395259-01,real,-1,False,13.98946751643311,101395259,train,,
sim:101395259:0,sim,0,True,36.68786072647477,101395259,train,0.0046861967964969,13.65690606584342
sim:101395259:1,sim,1,True,41.22595340912313,101395259,train,0.1194718088625814,6.062869582915601
TOI:5695.01,real,-2,False,-0.4781907259353814,103865797,train,,
sim:103865797:0,sim,0,True,12.101232541202128,103865797,train,0.0221180060618749,0.7200694745940194
sim:103865797:1,sim,0,False,0.0,103865797,train,0.0100521868623397,0.7251965330597628
TOI:2967.01,real,-2,False,16.945588632926825,103245940,train,,
sim:103245940:0,sim,1,True,17.855437322967653,103245940,train,0.3486822726225151,11.574126972781318
sim:103245940:1,sim,1,True,16.42786282200477,103245940,train,0.1242249400923067,1.3004930411516755
TOI:1919.01,real,0,True,23.95129723443934,102192004,val,,
sim:102192004:0,sim,3,True,23.3727635881012,102192004,val,0.0,4.182713861051902
sim:102192004:1,sim,2,False,0.0,102192004,val,0.005267223661301,3.0392726058247144
TOI:3110.01,real,-2,False,8.84167603115941,104022675,train,,
sim:104022675:0,sim,3,True,18.82334131780846,104022675,train,0.0,1.5341139684287513
sim:104022675:1,sim,3,True,18.82334131780846,104022675,train,0.0,2.8281954499659334
TOI:2579.01,real,0,True,38.67581704233324,103751498,train,,
sim:103751498:0,sim,0,False,0.0,103751498,train,0.0003303304375831,3.7222391718192265
sim:103751498:1,sim,3,True,28.30523784576689,103751498,train,0.0004333905498196,7.108403348667739
TOI:748.01,real,0,True,30.347434246814394,104024556,train,,
sim:104024556:0,sim,0,True,42.99277003224121,104024556,train,0.0178974694773558,3.4664896989980063
sim:104024556:1,sim,1,True,26.22508277685304,104024556,train,0.312205721980628,0.9852217770916042
TOI:5876.01,real,-2,True,20.19776165796027,106114491,val,,
sim:106114491:0,sim,0,True,25.443685380354527,106114491,val,0.0175135251179939,4.205393611556613
sim:106114491:1,sim,1,True,21.056934182063927,106114491,val,0.0922750637041913,3.590304683487117
TOI:4397.01,real,-2,False,0.4188405123661912,107728509,val,,
sim:107728509:0,sim,2,False,0.0,107728509,val,0.001186417826829,3.0734911887060963
sim:107728509:1,sim,0,True,9.094183739422563,107728509,val,0.0010425509235657,0.9009446872798148
TOI:4217.01,real,-2,True,10.26428475235964,108939482,train,,
sim:108939482:0,sim,0,False,0.0,108939482,train,0.0010417332327713,1.0700505526411936
sim:108939482:1,sim,2,False,0.0,108939482,train,0.0014548264167495,0.6478345284166437
TOI:772.01,real,-1,True,32.92250722358726,286864983,test,,
TOI:772.03,real,-1,False,0.0790898561027233,286864983,test,,
sim:286864983:0,sim,2,True,41.154492995824505,286864983,test,0.0300871438376602,0.9308564165447988
sim:286864983:1,sim,3,True,11.757659020906177,286864983,test,0.0047148957989919,3.767066730164424
TOI:5279.01,real,-1,True,22.70114848393996,7681574,val,,
sim:7681574:0,sim,0,False,0.0,7681574,val,0.0003983228966485,4.72192399663895
sim:7681574:1,sim,0,True,30.004325604117668,7681574,val,0.0080325169519438,8.5416549566221
TOI:3651.01,real,-1,True,20.25667718793016,415976665,train,,
sim:415976665:0,sim,1,True,23.26043174255857,415976665,train,0.7845779063253889,2.0634577940711067
sim:415976665:1,sim,1,False,0.0,415976665,train,0.0852879909353435,0.6250825031369965
TOI:1564.01,real,-1,True,17.85897667396602,250724252,train,,
sim:250724252:0,sim,2,True,30.39005442815159,250724252,train,0.006120290436687,6.519988604400813
sim:250724252:1,sim,2,False,0.0,250724252,train,0.0002940685258068,4.993887846388808
TOI:4254.01,real,-1,True,24.79352903056025,92744152,val,,
sim:92744152:0,sim,2,True,12.50265947401087,92744152,val,0.0045089947549046,4.403560232662855
sim:92744152:1,sim,3,True,11.185730117977112,92744152,val,0.0,2.550697300995058
TOI:867.01,real,-1,False,-1.2926157402684118,358460246,train,,
sim:358460246:0,sim,3,True,11.737713787411966,358460246,train,0.0,1.652720710879292
sim:358460246:1,sim,2,False,0.0,358460246,train,0.0008210191699702,15.12839712956678
TOI:1032.01,real,-1,True,40.62380578771973,146589986,train,,
sim:146589986:0,sim,0,True,29.414261289817617,146589986,train,0.0035219667343259,0.8802676211490786
sim:146589986:1,sim,1,True,34.912463399337284,146589986,train,0.0077163312340199,0.7853382088130355
TOI:3432.01,real,-1,True,26.906793675121094,133849258,train,,
sim:133849258:0,sim,3,False,0.0,133849258,train,0.0001549442764421,1.1344125387595032
sim:133849258:1,sim,0,True,38.931789132016085,133849258,train,0.0217464934112487,0.6149700693047658
TOI:4775.01,real,-1,True,27.28671038496612,412521892,train,,
sim:412521892:0,sim,3,True,9.762071294567894,412521892,train,0.0,12.664320620934124
sim:412521892:1,sim,1,True,25.82024393128686,412521892,train,0.0680051427458466,4.407252873350058
TOI:2086.01,real,-1,False,-0.1111000605250457,230387153,train,,
TOI:2086.02,real,-1,False,-2.824554800350022,230387153,train,,
sim:230387153:0,sim,3,True,9.742911866461322,230387153,train,0.000649927949874,5.154678779000357
sim:230387153:1,sim,3,True,7.999561160777748,230387153,train,0.0001689890298411,9.113689734127322
TOI:214.01,real,-1,False,4.44201037380321,167415965,train,,
TOI:214.02,real,-1,False,1.9504809915346464,167415965,train,,
sim:167415965:0,sim,1,True,30.327339647302164,167415965,train,0.0139340282237135,1.4890936155725187
sim:167415965:1,sim,0,True,32.44734210408443,167415965,train,0.01408772902962,2.158312118737693
TOI:4880.01,real,-1,False,22.940822492977706,245099574,train,,
sim:245099574:0,sim,3,True,20.137385848846503,245099574,train,0.0,5.79671816137212
sim:245099574:1,sim,2,True,21.333264363261087,245099574,train,0.0154805098989923,10.41096094703319
TOI:4658.01,real,-1,False,-0.6984013512362458,224279091,train,,
sim:224279091:0,sim,2,False,0.0,224279091,train,0.0016942734451671,1.0943019588368796
sim:224279091:1,sim,3,True,16.707123721458935,224279091,train,0.0001268916162404,0.7772221585210565
sim:354846183:0,sim,0,True,21.67000826892712,354846183,train,0.0240855276428375,1.0015734538229195
sim:354846183:1,sim,0,False,0.0,354846183,train,0.0026440462604204,5.399035147271497
TOI:5299.01,real,-1,False,-2.263804949728208,407997410,train,,
sim:407997410:0,sim,3,True,21.69398447499408,407997410,train,0.0,0.6007288329575808
sim:407997410:1,sim,3,True,10.741955815094444,407997410,train,0.0040863188308012,5.2407537680593865
TOI:4243.01,real,-1,True,11.844395603590394,400683848,train,,
sim:400683848:0,sim,1,True,21.85765861818,400683848,train,0.2324484576533767,18.56785149729481
sim:400683848:1,sim,2,False,0.0,400683848,train,3.280202521005471e-05,3.167913596611054
TOI:5488.01,real,-1,False,20.082902002062948,281815702,train,,
sim:281815702:0,sim,3,False,0.0,281815702,train,0.0,0.9700050480619788
sim:281815702:1,sim,0,True,14.27342218173396,281815702,train,0.0108951256706958,1.017948802896484
TOI:4813.01,real,-1,True,24.01310186025268,333810741,test,,
sim:333810741:0,sim,0,False,0.0,333810741,test,0.002350628792397,23.882326016008037
sim:333810741:1,sim,0,True,36.30022831401181,333810741,test,0.0274878131925169,1.018553178812034
TOI:3229.01,real,-1,False,6.377711198827768,290263093,test,,
sim:290263093:0,sim,2,False,0.0,290263093,test,0.0231614461125978,13.624159819286694
sim:290263093:1,sim,3,True,21.91071641814409,290263093,test,0.0021876138636601,0.6348590466293795
TOI:6624.01,real,-1,False,3.8494505687680105,443199889,train,,
sim:443199889:0,sim,0,True,20.589546400486867,443199889,train,0.008773362844306,1.9275455548089715
sim:443199889:1,sim,2,True,11.76875656205688,443199889,train,0.0252901219117931,0.5129801546016823
TOI:5884.01,real,-1,True,20.77281738938131,13574009,train,,
sim:13574009:0,sim,1,True,16.14690887414698,13574009,train,0.1473722158671652,9.066941265293853
sim:13574009:1,sim,2,True,14.847756727832213,13574009,train,0.0016320222715502,5.0577782509923885
TOI:6210.01,real,-1,True,40.53359079142929,326116570,val,,
sim:326116570:0,sim,2,False,0.0,326116570,val,0.0013589267148684,0.6047354111042621
sim:326116570:1,sim,3,True,16.210698166503455,326116570,val,0.0001367950032857,0.6691067035871834
TOI:2938.01,real,-1,True,41.58768114516492,11417087,train,,
sim:11417087:0,sim,3,True,17.279680827662713,11417087,train,0.0,0.5114948097079396
sim:11417087:1,sim,3,True,17.279680827662713,11417087,train,0.0,23.23999779182468
TOI:1350.01,real,-1,True,18.58655269623584,233953967,train,,
sim:233953967:0,sim,1,False,0.0,233953967,train,0.0438527036078898,0.6785800998128672
sim:233953967:1,sim,2,False,0.0,233953967,train,0.0048487107064806,0.8742086083297674
TOI:5247.01,real,-1,False,1.2592037090625876,289307883,val,,
sim:289307883:0,sim,3,False,0.0,289307883,val,0.0015559497476274,2.0099351795516505
sim:289307883:1,sim,0,False,0.0,289307883,val,0.0017453107160011,4.644947973935878
TOI:5449.01,real,-1,True,18.736711818267104,119130170,train,,
sim:119130170:0,sim,1,True,15.315966350561434,119130170,train,0.2706764986853712,1.448613195607519
sim:119130170:1,sim,3,True,19.081192365263743,119130170,train,0.0,0.9455355583194732
TOI:3498.01,real,-1,True,19.555126654143447,310294189,val,,
sim:310294189:0,sim,3,True,17.786437915807227,310294189,val,0.0,4.731337572262877
sim:310294189:1,sim,1,False,0.0,310294189,val,0.0520442900476737,22.73815953639002
TOI:2674.01,real,-1,True,31.65282723585238,434496663,test,,
sim:434496663:0,sim,3,True,23.29916797772356,434496663,test,0.0,0.6618295428611518
sim:434496663:1,sim,0,True,36.7815357714023,434496663,test,0.0026545752633218,2.72745623183741
TOI:2050.01,real,-1,False,-2.347277853805413,316468545,test,,
sim:316468545:0,sim,2,True,21.843912249690547,316468545,test,0.0086117375526467,1.3222041889638694
sim:316468545:1,sim,2,False,0.0,316468545,test,0.0023826100351809,24.636389884939494
TOI:5397.01,real,-1,False,0.0,18019350,train,,
sim:18019350:0,sim,2,False,0.0,18019350,train,0.000821414221714,4.603741971656205
sim:18019350:1,sim,1,True,16.323218993769082,18019350,train,0.1799693481034239,2.389265027231084
TOI:2539.01,real,-1,True,28.072727867286023,201508515,train,,
sim:201508515:0,sim,1,True,31.111725791019097,201508515,train,0.2585296364659789,6.006419410015967
sim:201508515:1,sim,1,True,38.82299886981265,201508515,train,0.029440891374727,10.620110937576651
TOI:5181.01,real,-1,False,13.057220738855692,346667887,train,,
sim:346667887:0,sim,0,False,0.0,346667887,train,0.0003051554559648,9.120194238148446
sim:346667887:1,sim,0,True,18.12596330440532,346667887,train,0.0126710440677862,6.041099255097289
TOI:5967.01,real,-1,False,1.0285831828503325,369532319,val,,
sim:369532319:0,sim,3,True,12.185305575845817,369532319,val,0.0002524947616751,10.700576277839827
sim:369532319:1,sim,0,True,17.62729354795508,369532319,val,0.0076728683174144,3.5385912878907857
TOI:4429.01,real,-1,True,47.28649886811753,233188747,train,,
sim:233188747:0,sim,2,True,27.368701163616908,233188747,train,0.0048218323395388,2.8094994191062286
sim:233188747:1,sim,1,True,30.960481804033577,233188747,train,0.0120506946985864,0.6272060899125519
TOI:1664.01,real,-1,False,0.2914779791877463,353782445,train,,
sim:353782445:0,sim,2,False,0.0,353782445,train,0.0001605071100938,1.2029174937473393
sim:353782445:1,sim,2,True,8.051744599358457,353782445,train,0.0002596599479589,0.6150968819596063
TOI:5330.01,real,-1,False,-0.5533943700000903,436843539,train,,
sim:436843539:0,sim,2,True,18.647976582272797,436843539,train,0.0232685973936704,13.633526174688049
sim:436843539:1,sim,0,False,0.0,436843539,train,0.0003950996702791,0.7014927632784055
TOI:6563.01,real,-1,True,42.43538114671313,210441429,val,,
sim:210441429:0,sim,1,True,29.251413562844263,210441429,val,0.0170754716185378,0.997233401433678
sim:210441429:1,sim,1,True,18.64275906738518,210441429,val,0.0271256685609294,0.7184808758224488
TOI:2181.01,real,-1,True,31.05130904319253,233068569,val,,
sim:233068569:0,sim,3,False,0.0,233068569,val,0.0003634286033979,1.9259182235547432
sim:233068569:1,sim,0,True,32.391425313324206,233068569,val,0.0037629503719639,7.787429397627379
TOI:6911.01,real,-1,False,2.558863100668172,428812049,val,,
sim:428812049:0,sim,0,True,8.880664689395159,428812049,val,0.0003612178146596,17.344761745833374
sim:428812049:1,sim,3,True,9.34473075730594,428812049,val,0.0,15.904863405908833
TOI:6636.01,real,-1,False,18.38027431060784,209054294,test,,
sim:209054294:0,sim,2,False,0.0,209054294,test,0.0060721149340438,4.37781864159919
sim:209054294:1,sim,2,True,11.292034663123134,209054294,test,0.0026593780166933,2.6707364458256007
TOI:6365.01,real,-1,False,12.572185992805837,272994016,train,,
sim:272994016:0,sim,1,True,14.776016793914676,272994016,train,0.0930749347585568,6.249730438787659
sim:272994016:1,sim,0,False,0.0,272994016,train,0.0004358524099882,1.76071178642167
TOI:2932.01,real,-1,True,16.487724969802052,29418536,train,,
sim:29418536:0,sim,3,True,9.769095909293693,29418536,train,0.0,6.148142233678804
sim:29418536:1,sim,1,True,14.799687845221168,29418536,train,0.4085971075194377,9.571233921285383
TOI:1835.01,real,-1,False,7.890696904447314,347332255,test,,
CTOI:347332255.03,real,-1,False,1.725266127929969,347332255,test,,
CTOI:347332255.04,real,-1,False,3.1587586963377605,347332255,test,,
sim:347332255:0,sim,2,False,0.0,347332255,test,0.0001777220016264,24.036583258760924
sim:347332255:1,sim,2,False,0.0,347332255,test,0.0011606527839451,2.884604380690888
sim:37117064:0,sim,2,True,29.42756394437049,37117064,train,0.0123958218583433,2.5571472165125018
sim:37117064:1,sim,3,True,25.56378555423575,37117064,train,0.0004599367054756,0.6302417871745063
TOI:5026.01,real,-1,True,26.005546584453857,161247580,test,,
sim:161247580:0,sim,3,True,17.17270916772568,161247580,test,0.001551464241066,18.56409692248176
sim:161247580:1,sim,2,False,0.0,161247580,test,0.0002788584503233,7.1586704226971545
TOI:5598.01,real,-1,True,20.91457021396824,237108775,val,,
sim:237108775:0,sim,0,True,24.33759640145074,237108775,val,0.0189598317475467,0.5045701413802905
sim:237108775:1,sim,2,False,0.0,237108775,val,0.0134373602866124,22.83725138452019
TOI:2229.01,real,-1,False,0.503897810002931,143410850,train,,
sim:143410850:0,sim,3,True,10.039803817749156,143410850,train,0.0006757571673916,1.9195676557171588
sim:143410850:1,sim,2,True,33.146701363211385,143410850,train,0.0108567546647271,7.506213386297346
TOI:4655.01,real,-1,True,43.711586424697614,209310912,val,,
sim:209310912:0,sim,1,False,0.0,209310912,val,0.0045413779769447,1.1539860462588998
sim:209310912:1,sim,3,True,43.42066094455142,209310912,val,0.0035068331559338,1.2459546987151355
TOI:3583.01,real,-1,True,25.70806966238922,289895191,train,,
sim:289895191:0,sim,1,True,24.949365961021183,289895191,train,0.0494837940617662,2.572146483759984
sim:289895191:1,sim,0,True,30.486756932718336,289895191,train,0.0158129984029502,3.771804912696755
TOI:2366.01,real,-1,False,14.2323525412268,39218269,train,,
sim:39218269:0,sim,3,True,19.11079890624719,39218269,train,0.0,2.067242533448663
sim:39218269:1,sim,2,False,0.0,39218269,train,0.0001110451643819,23.61291792333592
TOI:6337.01,real,-1,True,10.364306914811731,381591826,train,,
sim:381591826:0,sim,0,False,0.0,381591826,train,0.0054251239605285,0.519651202931336
sim:381591826:1,sim,1,True,10.650014849248226,381591826,train,0.3783070301949398,0.7298396335799195
TOI:3380.01,real,-1,False,0.0265830444116249,176148945,val,,
sim:176148945:0,sim,0,False,0.0,176148945,val,0.001010758456614,0.5078453336462158
sim:176148945:1,sim,2,False,0.0,176148945,val,0.0001978166734765,3.0426007361214427
TOI:3858.01,real,-1,True,16.74244304695613,86273567,train,,
sim:86273567:0,sim,0,False,0.0,86273567,train,0.0048549281527312,23.41812630956244
sim:86273567:1,sim,3,True,12.09025241841997,86273567,train,0.0,2.657762594754327
TOI:4194.01,real,-1,False,16.805897726710143,299176311,train,,
sim:299176311:0,sim,2,False,0.0,299176311,train,0.0026690837197603,3.4631142865342657
sim:299176311:1,sim,3,True,19.208113662910844,299176311,train,0.0,5.981581147352058
TOI:2441.01,real,-1,False,-0.5449792383576668,219175972,train,,
TOI:2441.02,real,-1,False,-0.1524510224755286,219175972,train,,
sim:219175972:0,sim,0,True,41.7245383483497,219175972,train,0.0084249036587041,0.950044091884928
sim:219175972:1,sim,3,True,25.47595126991231,219175972,train,0.0005643951166742,26.74408573916025
TOI:5010.01,real,-1,True,22.29752419136297,276735500,test,,
sim:276735500:0,sim,1,False,0.0,276735500,test,0.0014665849934775,23.45237904385777
sim:276735500:1,sim,3,True,22.857907376615422,276735500,test,0.0,3.6233548769949295
sim:219803922:0,sim,1,True,19.26484128121733,219803922,train,0.0645180737736101,23.005581325516605
sim:219803922:1,sim,0,False,0.0,219803922,train,0.0048923229301103,10.358447277112376
TOI:4447.01,real,-1,True,57.01730923210584,153937417,train,,
sim:153937417:0,sim,1,True,35.87828618234967,153937417,train,0.139105035397445,8.49019041792732
sim:153937417:1,sim,2,True,21.123646384215203,153937417,train,0.0088084721434388,2.7773869193403167
TOI:5242.01,real,-1,False,0.1077549144196325,426122503,train,,
sim:426122503:0,sim,1,False,0.0,426122503,train,0.3538720393556707,0.6347568749686165
sim:426122503:1,sim,3,True,23.097000514009306,426122503,train,0.0,2.325993147328868
TOI:5497.01,real,-1,False,2.5740914602384954,270679144,test,,
sim:270679144:0,sim,2,False,0.0,270679144,test,7.79408383549951e-05,1.8159811764673517
sim:270679144:1,sim,0,True,24.104151193112248,270679144,test,0.0033224039498279,4.5168887469753125
TOI:6649.01,real,-1,True,9.813522553995364,258940847,train,,
sim:258940847:0,sim,1,True,11.153062762098408,258940847,train,0.175621914967137,1.04239925294948
sim:258940847:1,sim,1,True,15.080336866216816,258940847,train,0.2240370461985945,6.130240699750744
TOI:5000.01,real,-1,True,25.24239847586292,179230828,train,,
TOI:5000.02,real,-1,True,33.33668587671104,179230828,train,,
sim:179230828:0,sim,3,False,0.0,179230828,train,0.0001767051033022,3.2833155249564023
sim:179230828:1,sim,0,True,23.4113992569489,179230828,train,0.004749107505625,4.636769642083166
TOI:4598.01,real,-1,True,20.5800479304342,29017001,train,,
sim:29017001:0,sim,3,True,13.938284124288131,29017001,train,0.0003341520611531,3.2209426234334355
sim:29017001:1,sim,3,True,12.449539757504535,29017001,train,0.0,3.6690627958857434
TOI:2788.01,real,-1,True,29.06459878635568,255756918,train,,
sim:255756918:0,sim,0,True,26.25908040979173,255756918,train,0.0139327332272974,18.600720015509893
sim:255756918:1,sim,0,False,0.0,255756918,train,0.0048082041082142,15.359157951851586
TOI:6124.01,real,-1,True,49.435729376769046,269488987,train,,
sim:269488987:0,sim,0,True,29.29231206281172,269488987,train,0.0042480319458505,2.126415752575772
sim:269488987:1,sim,2,True,46.11234877813439,269488987,train,0.0437816197534375,5.428697244129852
TOI:6940.01,real,-1,False,-0.0657225279984399,421006834,test,,
sim:421006834:0,sim,3,True,11.528112580719505,421006834,test,0.0,0.5574202406465789
sim:421006834:1,sim,2,False,0.0,421006834,test,9.763327014500334e-05,3.0269217021341084
TOI:5208.01,real,-1,False,0.0,110738386,train,,
sim:110738386:0,sim,3,False,0.0,110738386,train,0.0,2.0469794578882907
sim:110738386:1,sim,2,False,0.0,110738386,train,0.0002960236065425,6.390233088610322
TOI:6225.01,real,-1,True,29.41748698764385,352147273,train,,
sim:352147273:0,sim,1,True,16.665125866947008,352147273,train,0.089227307247151,0.6503543903052038
sim:352147273:1,sim,0,True,20.81079498356747,352147273,train,0.0205816981429041,0.954617585984384
TOI:855.01,real,-1,False,3.0103730546304037,269558487,train,,
sim:269558487:0,sim,2,False,0.0,269558487,train,0.0019410771337535,24.8843145255044
sim:269558487:1,sim,0,False,0.0,269558487,train,0.0009358631820597,13.886240675045046
TOI:3076.01,real,-1,False,0.0,447593267,train,,
sim:447593267:0,sim,0,False,0.0,447593267,train,0.0107489417882333,1.7345750726782208
sim:447593267:1,sim,3,False,0.0,447593267,train,0.0,15.7173267621908
TOI:3453.01,real,-1,False,16.598840241764425,360473750,train,,
sim:360473750:0,sim,3,True,6.382543551259685,360473750,train,0.0,1.8377873994824
sim:360473750:1,sim,3,True,6.382543551259685,360473750,train,0.0,0.9648995282635436
TOI:5441.01,real,-1,True,12.554931631225209,91697121,train,,
sim:91697121:0,sim,3,True,13.8954702762822,91697121,train,0.0024232412720193,15.29418298500821
sim:91697121:1,sim,2,False,0.0,91697121,train,0.0028292899216642,3.2847951996630527
TOI:2100.01,real,-1,False,0.0,219436394,train,,
sim:219436394:0,sim,1,True,27.439504041695827,219436394,train,0.2702837645278049,1.0535403545396465
sim:219436394:1,sim,0,True,53.51827391017994,219436394,train,0.0172659496921588,2.17551749313555
TOI:4990.01,real,-1,True,16.810892107285817,295312916,train,,
sim:295312916:0,sim,1,True,28.89632513013657,295312916,train,0.4272603662185466,1.3221147835367997
sim:295312916:1,sim,0,True,18.347692942952055,295312916,train,0.0095478478936593,9.8420896536266
TOI:6972.01,real,-1,True,24.0547288226878,219824470,train,,
sim:219824470:0,sim,1,True,16.4433987901626,219824470,train,0.2752803696667916,1.019599071448762
sim:219824470:1,sim,0,True,35.23429022123942,219824470,train,0.0046320380284157,4.087733740138586
TOI:6165.01,real,-1,True,32.50239548459671,287863314,train,,
sim:287863314:0,sim,1,True,18.14025512228997,287863314,train,0.3153057857459572,0.7759378935099321
sim:287863314:1,sim,3,True,31.9219275353274,287863314,train,0.0,1.957456434502176
sim:350299588:0,sim,0,True,28.918273991012114,350299588,train,0.0048026649130832,3.8221367955493553
sim:350299588:1,sim,0,True,37.09605560302364,350299588,train,0.0029763904468316,23.142491482119578
TOI:4388.01,real,-1,False,14.519694794924506,313554509,train,,
sim:313554509:0,sim,3,True,13.053402519291293,313554509,train,0.0018250886615107,5.08333193723128
sim:313554509:1,sim,1,True,26.620830350125303,313554509,train,0.0295610004144923,3.6145865953249032
TOI:6057.01,real,-1,True,17.498611661766777,104734832,train,,
sim:104734832:0,sim,2,False,0.0,104734832,train,0.0001731260306092,3.704872915917174
sim:104734832:1,sim,1,False,0.0,104734832,train,0.0915812388942872,11.83813147174782
TOI:2507.01,real,-1,False,2.732610300673007,354519019,train,,
sim:354519019:0,sim,0,True,27.55339669927782,354519019,train,0.0309681093007498,2.8810843721558657
sim:354519019:1,sim,2,True,10.665450023980044,354519019,train,0.0016461874352819,0.8712631689147687
TOI:2392.01,real,-1,False,-0.2329246025190213,149349867,train,,
TOI:2392.02,real,-1,False,2.157906119739678,149349867,train,,
TOI:2392.03,real,-1,False,6.174766381411706,149349867,train,,
sim:149349867:0,sim,1,True,23.17248219909743,149349867,train,0.4371961433503755,10.838387963027992
sim:149349867:1,sim,2,True,24.44329145888065,149349867,train,0.0138389761009296,7.866566353388308
TOI:4449.01,real,-1,True,51.0688230453792,322046084,test,,
sim:322046084:0,sim,0,False,0.0,322046084,test,0.0002122384486156,11.206661765668526
sim:322046084:1,sim,2,False,0.0,322046084,test,0.0044430388488841,27.714500633176417
TOI:6247.01,real,-1,False,0.0,418301643,train,,
sim:418301643:0,sim,0,True,42.03055798617809,418301643,train,0.0240985095712984,9.956151804261005
sim:418301643:1,sim,2,False,0.0,418301643,train,0.0006711493128324,24.405491800922253
TOI:5165.01,real,-1,False,0.0,349986198,train,,
sim:349986198:0,sim,3,False,0.0,349986198,train,0.0,19.53684658784625
sim:349986198:1,sim,2,True,25.234638442196403,349986198,train,0.0049426807710755,0.9532378365975124
TOI:671.01,real,-1,True,27.42615192203772,151681127,train,,
TCE:00151681127-01,real,-1,False,19.41993626605902,151681127,train,,
sim:151681127:0,sim,3,True,8.677880249125806,151681127,train,0.0020189647796247,0.7892460559028472
sim:151681127:1,sim,3,True,17.050678832381728,151681127,train,0.0,28.384646078663213
TOI:1708.01,real,-1,True,37.197709670344544,241173474,val,,
sim:241173474:0,sim,3,True,33.14487429561103,241173474,val,0.0029239262251322,1.5436140702755856
sim:241173474:1,sim,1,True,30.370312837516902,241173474,val,0.2570408996934414,5.60754291021381
TOI:7170.01,real,-1,True,23.12942789963913,63100069,train,,
sim:63100069:0,sim,2,True,13.97092921310885,63100069,train,0.0096471011608633,1.0992387419846086
sim:63100069:1,sim,2,True,12.106894269054951,63100069,train,0.0043978754440558,16.48384251073881
TOI:1849.01,real,-1,True,24.11534650122087,23740089,train,,
sim:23740089:0,sim,3,False,0.0,23740089,train,0.0016275864140911,0.7220409139423543
sim:23740089:1,sim,0,True,44.433921705336765,23740089,train,0.0025858793540874,0.8265096585277361
TOI:2622.01,real,-1,True,28.11240121710276,382259755,train,,
sim:382259755:0,sim,1,False,0.0,382259755,train,0.0376104436246431,28.31313823441476
sim:382259755:1,sim,3,False,0.0,382259755,train,0.0001208818751592,3.163101603260457
TOI:863.01,real,-1,False,3.0631119511262224,238898571,train,,
sim:238898571:0,sim,3,False,0.0,238898571,train,0.0001885622226645,3.039013549201631
sim:238898571:1,sim,1,True,37.54541594367917,238898571,train,0.5507369375407958,18.44678710358417
TOI:5985.01,real,-1,False,0.0390590012345903,272782368,test,,
sim:272782368:0,sim,2,True,27.344310254933585,272782368,test,0.0378553413858766,1.5965139024254489
sim:272782368:1,sim,3,True,15.37442218628502,272782368,test,0.0011215379129344,1.1476600402410762
TOI:4204.01,real,-1,False,23.565501315703397,158697949,val,,
sim:158697949:0,sim,0,False,0.0,158697949,val,0.0010043770325247,2.235488717757199
sim:158697949:1,sim,1,True,19.60965219360951,158697949,val,0.1350465796509384,1.5088140138626618
TOI:5314.01,real,-1,True,46.18525603157576,302202317,train,,
sim:302202317:0,sim,2,False,0.0,302202317,train,0.0039134542266906,13.69580140116053
sim:302202317:1,sim,2,True,30.25473045252192,302202317,train,0.0492280688871977,1.4384533879096328
TOI:2437.01,real,-1,False,-2.254374262582578,251094370,train,,
sim:251094370:0,sim,2,True,17.12594552739706,251094370,train,0.0111166837664049,5.850441620693432
sim:251094370:1,sim,3,True,14.909430753600567,251094370,train,0.0,2.0887645242965456
TOI:4777.01,real,-1,True,45.695980205742096,170368805,test,,
sim:170368805:0,sim,0,False,0.0,170368805,test,0.0041846563019323,8.468737349292928
sim:170368805:1,sim,3,True,15.271238643079762,170368805,test,0.0,8.115263717643694
TOI:1125.01,real,-1,True,19.07332295170528,80166433,train,,
sim:80166433:0,sim,1,False,0.0,80166433,train,0.3758442941340623,1.6043153290970615
sim:80166433:1,sim,3,False,0.0,80166433,train,0.0004008322531013,0.7573173322401124
TOI:1527.01,real,-1,True,25.879550587470124,202375913,test,,
sim:202375913:0,sim,3,False,0.0,202375913,test,0.0013280545293321,0.5733038887376843
sim:202375913:1,sim,3,False,0.0,202375913,test,0.0009039385052036,1.2627731291048738
TOI:6488.01,real,-1,True,13.529173496104578,238124845,train,,
sim:238124845:0,sim,3,True,21.358381591286427,238124845,train,0.0004473461241711,1.0465937032191424
sim:238124845:1,sim,2,False,0.0,238124845,train,0.0025304444272774,10.233394677218806
TOI:4294.01,real,-1,True,19.157321031460576,30499203,train,,
sim:30499203:0,sim,3,True,18.4169286303449,30499203,train,0.0009854670236419,9.16700453169573
sim:30499203:1,sim,2,False,0.0,30499203,train,0.0027757134228063,20.97793906615161
TOI:2720.01,real,-1,False,3.3794648699871934,169448297,train,,
sim:169448297:0,sim,3,True,16.953344689224775,169448297,train,0.0,2.9401978952647405
sim:169448297:1,sim,1,True,25.03272050731316,169448297,train,0.1087093389313802,15.16294922397809
TOI:1294.01,real,0,True,43.93099216843312,219015370,train,,
sim:219015370:0,sim,0,True,41.32441802368958,219015370,train,0.0061240458038051,1.5543044804998811
sim:219015370:1,sim,3,False,0.0,219015370,train,0.0005241977154588,0.813081857390337
TOI:701.01,real,-2,True,8.77270003528538,219239945,train,,
sim:219239945:0,sim,0,True,34.65684743629857,219239945,train,0.0321077134729826,9.472081245318682
sim:219239945:1,sim,1,False,0.0,219239945,train,0.0424446989091379,17.551433153610652
TOI:504.01,real,-2,True,28.87127238394732,219164808,train,,
sim:219164808:0,sim,2,True,19.782880684810134,219164808,train,0.0152163378741883,4.036656131104481
sim:219164808:1,sim,3,True,10.892801519458244,219164808,train,0.0,3.1080310154070063
TOI:871.01,real,0,False,5.3029736660896,219344917,train,,
sim:219344917:0,sim,2,True,50.44424827001274,219344917,train,0.003934242652111,1.6129872628779094
sim:219344917:1,sim,3,True,15.152998124768027,219344917,train,0.0001312395365629,4.136543407929404
TOI:397.01,real,-2,True,16.83047593979147,219379012,train,,
sim:219379012:0,sim,3,True,10.002086420283934,219379012,train,0.0,5.10592646383951
sim:219379012:1,sim,1,True,24.68973426619018,219379012,train,0.4078528637447223,3.7896868248763433
TOI:1743.01,real,0,False,0.0,219860288,train,,
sim:219860288:0,sim,2,True,20.232440670592613,219860288,train,0.0036601482737131,11.473221733995784
sim:219860288:1,sim,2,False,0.0,219860288,train,4.421752380756594e-05,2.607034559315904
TOI:1244.01,real,0,False,11.534919412487014,219850915,train,,
sim:219850915:0,sim,3,True,12.47545308563344,219850915,train,0.0,5.733107301753063
sim:219850915:1,sim,0,True,25.66953287041664,219850915,train,0.0047914284536392,1.0488992481462849
TOI:1346.01,real,0,False,0.7718899087533415,219852882,train,,
TOI:1346.02,real,0,False,-0.4592090188659219,219852882,train,,
sim:219852882:0,sim,3,True,16.37824834812629,219852882,train,0.0,8.321376375528569
sim:219852882:1,sim,1,True,19.88108018366014,219852882,train,0.0554186177292077,1.0371118951206422
TOI:269.01,real,0,False,6.88473635562956,220479565,train,,
sim:220479565:0,sim,0,True,32.51126918000221,220479565,train,0.0046111438809032,1.2775794598813264
sim:220479565:1,sim,3,False,0.0,220479565,train,0.0,1.035169961790877
TOI:251.01,real,0,False,0.0,224225541,test,,
sim:224225541:0,sim,1,True,19.42435250791629,224225541,test,0.0050765765129466,0.6441386439879504
sim:224225541:1,sim,3,True,9.50954912809157,224225541,test,0.0001022097323974,2.122699536152
TOI:1279.01,real,0,True,8.416395310463141,224297258,train,,
sim:224297258:0,sim,3,False,0.0,224297258,train,0.0005836533102417,0.6512173336436969
sim:224297258:1,sim,3,True,20.77020684266768,224297258,train,0.001953187626805,6.408020210111936
TOI:2591.01,real,-2,True,44.67665070857743,229285649,train,,
sim:229285649:0,sim,2,True,30.98489871875008,229285649,train,0.011278297263885,8.884775293505374
sim:229285649:1,sim,3,True,22.432991999615425,229285649,train,0.0,2.161028222517618
TOI:1744.01,real,0,False,-2.9226435366110155,229455001,train,,
sim:229455001:0,sim,1,True,18.18953182810438,229455001,train,0.0381217004793784,2.3675169440253185
sim:229455001:1,sim,1,True,26.530613893745542,229455001,train,0.1951118405122481,5.048892414508379
TOI:1297.01,real,-2,False,20.683434519835814,229536616,train,,
sim:229536616:0,sim,2,True,20.901374511556806,229536616,train,0.0149713572358978,4.02768546186155
sim:229536616:1,sim,2,True,12.072804465427378,229536616,train,0.0361327217571231,0.6587813290134303
TOI:1438.01,real,0,False,3.3342160895957824,229650439,train,,
TOI:1438.02,real,0,False,1.1983383797321094,229650439,train,,
sim:229650439:0,sim,2,True,28.864359778729007,229650439,train,0.003891950139319,3.2949454288605264
sim:229650439:1,sim,1,True,16.34625517404051,229650439,train,0.2260255262543244,1.8510803215397629
TOI:1347.01,real,0,False,4.746243600124007,229747848,test,,
TOI:1347.02,real,0,False,0.5157664223281437,229747848,test,,
sim:229747848:0,sim,1,True,37.64053642537114,229747848,test,0.0276687936574231,8.66623715525047
sim:229747848:1,sim,0,False,0.0,229747848,test,0.0020726499109273,14.50631003442188
TOI:2337.01,real,0,True,21.53035328142398,230001847,train,,
sim:230001847:0,sim,0,True,39.88856505975502,230001847,train,0.0076868377497049,0.6226090988551745
sim:230001847:1,sim,0,True,45.51436100737001,230001847,train,0.0220889761672595,1.0462614734830076
TOI:1363.01,real,-2,True,18.22720221109945,230017325,train,,
sim:230017325:0,sim,1,True,17.49828198219785,230017325,train,0.0229588808529636,3.417028070908648
sim:230017325:1,sim,2,True,19.188989437452463,230017325,train,0.0112537671639745,9.482252374463688
TOI:2099.01,real,-2,False,0.0,230386397,train,,
sim:230386397:0,sim,0,False,0.0,230386397,train,0.0002417571233255,2.6687828733838663
sim:230386397:1,sim,0,False,0.0,230386397,train,0.0,14.689295087212804
TOI:2150.01,real,-2,True,18.8917977899454,230267547,train,,
sim:230267547:0,sim,0,True,20.407230835807717,230267547,train,0.0040204102206695,2.309535965011108
sim:230267547:1,sim,3,True,9.102588185084707,230267547,train,0.0001274571991548,2.26453703678958
TOI:195.01,real,0,True,41.10125510425363,230982885,train,,
sim:230982885:0,sim,3,True,14.30424675002206,230982885,train,0.000227616339105,1.825192582038713
sim:230982885:1,sim,1,True,32.39310984029293,230982885,train,0.0851460571248081,9.871917234227372
TOI:1249.01,real,0,True,10.611451130552997,232976128,train,,
sim:232976128:0,sim,3,False,0.0,232976128,train,0.0008087122690717,1.1561378468225956
sim:232976128:1,sim,3,False,0.0,232976128,train,0.0,15.098299731427373
TOI:104.01,real,0,True,36.37971863034896,231670397,val,,
sim:231670397:0,sim,3,True,23.165899346394315,231670397,val,0.0,2.0611734693345265
sim:231670397:1,sim,0,False,0.0,231670397,val,0.0079608634576963,0.5774179819828927
TOI:1167.01,real,-2,True,16.953732674295313,232967666,train,,
sim:232967666:0,sim,3,True,11.269005780051092,232967666,train,0.0007442778960565,11.360602261266193
sim:232967666:1,sim,1,False,0.0,232967666,train,0.03564032170793,16.285571855129614
TOI:1341.01,real,-2,True,46.63013449130863,233390838,train,,
sim:233390838:0,sim,3,True,14.527043938740515,233390838,train,0.0,6.940567568874275
sim:233390838:1,sim,0,True,31.613510100419745,233390838,train,0.001705385407183,0.7201568268470536
TOI:1877.01,real,-2,True,47.48899391949509,233497719,train,,
sim:233497719:0,sim,0,False,0.0,233497719,train,0.0004456101389856,1.5138661221627678
sim:233497719:1,sim,1,True,36.16414326999784,233497719,train,0.7420385114907572,1.3914574701035942
TOI:1306.01,real,-2,True,29.02137763382917,233735068,val,,
sim:233735068:0,sim,2,True,27.29184667702509,233735068,val,0.0025214000908766,0.5069663352055767
sim:233735068:1,sim,2,True,11.23397933899316,233735068,val,0.0014595576210176,8.140179189407334
TOI:3614.01,real,-2,True,40.19360593047035,233831759,train,,
sim:1980725947:0,sim,1,True,31.570588259943488,233831759,train,0.7451056253028474,3.623815294447504
sim:1980725947:1,sim,0,False,0.0,233831759,train,0.0010290094762234,2.2369756364733093
TOI:3612.01,real,0,True,52.94705503934439,233948455,val,,
sim:233948455:0,sim,1,True,29.016156839205948,233948455,val,0.5247436564164247,1.289035510195251
sim:233948455:1,sim,3,True,13.088455645888711,233948455,val,0.0,3.213278041043896
TOI:4052.01,real,-2,False,7.250994935431956,236775063,train,,
sim:236775063:0,sim,2,False,0.0,236775063,train,0.0003888803960641,0.6887771952782267
sim:236775063:1,sim,0,True,24.791288672208005,236775063,train,0.0133420215341348,6.82449943106812
TOI:134.01,real,0,False,6.292899137573767,234994474,train,,
sim:234994474:0,sim,1,True,43.22313622933698,234994474,train,0.0487844700212695,3.597422351713082
sim:234994474:1,sim,2,True,30.96134099679535,234994474,train,0.0069335928566344,1.084076568621607
TOI:7061.01,real,0,True,20.237848759054017,244089109,train,,
sim:244089109:0,sim,0,True,10.380656635408773,244089109,train,0.0004751922882341,0.6193816825537912
sim:244089109:1,sim,0,True,9.910290895193276,244089109,train,0.000393042269246,0.839487529721834
TOI:1298.01,real,0,True,29.099678480069567,237104103,val,,
sim:237104103:0,sim,3,False,0.0,237104103,val,0.0,2.1177738339602445
sim:237104103:1,sim,2,True,19.329688148870936,237104103,val,0.0018333272322437,1.2081119680957018
TOI:5447.01,real,-2,False,3.578078039386347,239722954,train,,
sim:239722954:0,sim,1,False,0.0,239722954,train,0.3760326367944986,1.113112932654327
sim:239722954:1,sim,3,False,0.0,239722954,train,0.0,0.6263981235791748
TOI:1023.01,real,-2,True,22.9235772744828,238374636,test,,
sim:238374636:0,sim,1,True,24.316462688494497,238374636,test,0.7041011390750473,22.816719912509587
sim:238374636:1,sim,3,True,19.41473392340023,238374636,test,0.0042861306327333,9.021897776597957
TOI:957.01,real,-2,True,11.223218903964524,249067445,train,,
sim:249067445:0,sim,2,True,17.0169227567287,249067445,train,0.0342903997089595,4.59064601753703
sim:249067445:1,sim,2,True,8.079432929974228,249067445,train,0.0014577494163383,0.5174771957795145
TOI:770.01,real,0,False,25.01805859059307,248111245,test,,
sim:248111245:0,sim,1,True,32.86471414827982,248111245,test,0.0353336304778817,0.9506201480699992
sim:248111245:1,sim,1,True,33.40598757518492,248111245,test,0.1624368608193338,4.93868915982547
TOI:769.01,real,0,True,54.79864708338118,248075138,train,,
sim:248075138:0,sim,2,True,16.108897697399616,248075138,train,0.0022523817102506,5.493150335081972
sim:248075138:1,sim,0,False,0.0,248075138,train,0.0004459849706169,13.279821355196129
TOI:1539.01,real,-2,False,0.0,252636888,train,,
sim:252636888:0,sim,2,False,0.0,252636888,train,0.0149707005055266,3.147523336846119
sim:252636888:1,sim,1,True,16.659967570398933,252636888,train,0.2374370646807361,4.005528602735401
TOI:1061.01,real,-2,True,11.467296771005156,253990973,train,,
sim:253990973:0,sim,1,True,13.904279357095852,253990973,train,0.1442430026702061,0.5917730600120883
sim:253990973:1,sim,3,False,0.0,253990973,train,0.0,8.801302749966904
TOI:5293.01,real,0,True,50.53766074191347,250111245,train,,
sim:250111245:0,sim,1,True,17.226466225030116,250111245,train,0.2806837122047175,2.147136758017406
sim:250111245:1,sim,3,True,34.62736963569656,250111245,train,0.0,18.13265116394613
TOI:403.01,real,0,True,18.25274691835608,257567854,val,,
sim:257567854:0,sim,0,True,15.25686523803446,257567854,val,0.0019297304513781,10.18351943443572
sim:257567854:1,sim,0,False,0.0,257567854,val,0.0005904251579835,2.1818296148179326
TOI:2024.01,real,0,True,42.84719555987821,255930614,train,,
sim:255930614:0,sim,2,False,0.0,255930614,train,0.0020830861614996,22.39826920756484
sim:255930614:1,sim,1,True,32.53023242835456,255930614,train,0.0835912380913234,1.6065199719311367
TOI:1885.01,real,0,True,32.34477144600859,258510872,train,,
sim:258510872:0,sim,2,False,0.0,258510872,train,0.0004552272144842,1.3512713879487128
sim:258510872:1,sim,1,True,27.3839135500613,258510872,train,0.4567099714819276,8.617415454727164
TOI:2567.01,real,0,True,40.12419888594381,258920431,train,,
sim:258920431:0,sim,0,False,0.0,258920431,train,0.0004059702114094,8.180692254455291
sim:258920431:1,sim,0,False,0.0,258920431,train,0.0123353701951788,26.95012076636588
TOI:1400.01,real,-2,False,8.570601554458719,258801269,train,,
sim:258801269:0,sim,3,True,11.492643834561164,258801269,train,0.0,24.26698861315164
sim:258801269:1,sim,1,True,30.024146124997625,258801269,train,0.0327961929245329,8.754170922372635
TOI:6000.01,real,0,False,-0.0957698362823077,259233660,val,,
sim:259233660:0,sim,1,True,15.34768004979116,259233660,val,0.8032282365798528,1.633484151740517
sim:259233660:1,sim,2,False,0.0,259233660,val,0.0171356842913829,0.9214146087477528
TOI:704.01,real,0,False,0.0,260004324,train,,
sim:260004324:0,sim,1,True,23.476674049762316,260004324,train,0.5990567077933334,0.6428738021739949
sim:260004324:1,sim,1,True,24.810125603392265,260004324,train,0.124579003034508,3.5898094068515416
TOI:1051.01,real,-2,False,-13.951120449718982,259863352,test,,
sim:259863352:0,sim,1,True,27.737675516704183,259863352,test,0.0677542180230176,2.1567455135420324
sim:259863352:1,sim,3,True,8.386823105353642,259863352,test,0.0005242801179882,1.4409036319610362
TOI:2205.01,real,-2,True,33.62050172716468,260298958,val,,
sim:260298958:0,sim,2,False,0.0,260298958,val,0.0056843849135279,1.0193702691421551
sim:260298958:1,sim,1,True,26.026285862400247,260298958,val,0.0859903926430465,3.016265266177202
TOI:733.01,real,0,False,0.0696393946665393,106402532,train,,
sim:106402532:0,sim,2,True,14.0513911454212,106402532,train,0.0007601930202508,3.4903837996093445
sim:106402532:1,sim,2,True,33.178616807167614,106402532,train,0.0109069261611197,0.6845692781696007
TOI:1138.01,real,-2,True,11.439725092453845,110428269,val,,
sim:110428269:0,sim,0,False,0.0,110428269,val,0.0010950568301451,10.672511520958404
sim:110428269:1,sim,2,False,0.0,110428269,val,0.0007063711510627,5.786220760209984
TOI:6982.01,real,0,False,-0.0335877939007976,113921235,train,,
sim:113921235:0,sim,0,True,35.02759197948735,113921235,train,0.0087783162061233,1.028876691891062
sim:113921235:1,sim,3,True,11.674557770974117,113921235,train,0.0,2.824349546891173
TOI:1011.01,real,0,False,0.0262824017076189,114018671,train,,
sim:114018671:0,sim,3,True,21.68884004999777,114018671,train,0.0,0.547893557731669
sim:114018671:1,sim,1,True,25.915304530085148,114018671,train,0.3312964925273656,0.6325904488819103
TOI:2126.01,real,0,True,28.077694828086663,116264089,train,,
sim:116264089:0,sim,3,True,8.60507627112706,116264089,train,0.0,0.5699915091159492
sim:116264089:1,sim,2,False,0.0,116264089,train,0.0005369475204548,1.1400804918259635
TOI:7491.01,real,0,True,17.235682988731693,119262291,train,,
sim:119262291:0,sim,2,False,0.0,119262291,train,0.0007926718449552,0.5067522530495223
sim:119262291:1,sim,2,False,0.0,119262291,train,0.002145917182026,1.0183953494260527
TOI:886.01,real,-2,False,-0.2163082496001949,120269103,train,,
sim:120269103:0,sim,3,False,0.0,120269103,train,0.0002896728284162,0.632768008280938
sim:120269103:1,sim,3,True,16.69048267750812,120269103,train,0.0023027394470273,4.145330829550009
TOI:1649.01,real,-2,True,28.89631896174725,116608612,train,,
sim:116608612:0,sim,2,True,25.051412370247267,116608612,train,0.0135413251325374,7.619758857286006
sim:116608612:1,sim,3,True,11.651074320414915,116608612,train,0.0,3.2563311087372937
TOI:1650.01,real,-2,False,-0.1421267206059175,122485078,train,,
sim:122485078:0,sim,3,True,12.004797504071671,122485078,train,0.0002656585065349,0.8900906025282732
sim:122485078:1,sim,1,True,15.289903914456373,122485078,train,0.0429362776903076,9.546491793388306
TOI:229.01,real,0,True,57.7654874754103,120610833,val,,
sim:120610833:0,sim,1,True,34.37369368773471,120610833,val,0.5690744577585517,17.1511276398525
sim:120610833:1,sim,2,False,0.0,120610833,val,9.708142937681076e-05,21.157556077926504
TOI:5999.01,real,0,False,1.208156694594779,120317234,test,,
sim:120317234:0,sim,0,True,25.60604954544353,120317234,test,0.0012226013058631,4.4520436870546245
sim:120317234:1,sim,1,True,19.217654995471168,120317234,test,0.341195775512932,0.8613272823636117
TOI:1134.01,real,-2,False,16.98739945249122,122220263,train,,
sim:122220263:0,sim,1,True,33.85627107077602,122220263,train,0.0926637856438982,4.768372996619711
sim:122220263:1,sim,0,True,34.69884880021057,122220263,train,0.0023593743092931,1.4285123336622538
TOI:4435.01,real,0,True,45.894878870240525,122596693,val,,
sim:122596693:0,sim,0,False,0.0,122596693,val,0.0054197457547554,2.5098331086919594
sim:122596693:1,sim,1,True,23.11264781950357,122596693,val,0.0242612013337835,2.4362100045568145
TOI:2358.01,real,-2,False,2.5329839678038697,124095888,train,,
sim:124095888:0,sim,0,False,0.0,124095888,train,0.0002406068620931,1.5280817439670982
sim:124095888:1,sim,2,True,23.12472948562276,124095888,train,0.0767012582868249,6.372535982283121
TOI:4592.01,real,0,False,5.6817174952310765,122785299,train,,
sim:122785299:0,sim,1,True,28.170226915835165,122785299,train,0.0326466645818823,2.752476482929706
sim:122785299:1,sim,0,False,0.0,122785299,train,0.0052446728866321,6.876320229532008
TOI:2177.01,real,0,True,27.412565634741163,123233041,train,,
sim:123233041:0,sim,2,True,11.3503792596827,123233041,train,0.0020241406248069,0.6752951019112778
sim:123233041:1,sim,0,True,37.262941036803966,123233041,train,0.0378354199738623,10.69485461164114
TOI:2176.01,real,0,True,28.47889693090008,123495874,train,,
sim:123495874:0,sim,2,False,0.0,123495874,train,0.0003030253599269,8.749821529408166
sim:123495874:1,sim,1,True,20.221662868990023,123495874,train,0.0953271265192109,0.9853190461928378
TOI:1934.01,real,0,True,22.55178069717798,125739286,train,,
sim:125739286:0,sim,3,True,9.949784329064938,125739286,train,0.0023387633811271,0.7706801103330979
sim:125739286:1,sim,1,True,16.35649443639019,125739286,train,0.0322936498198007,5.277231303492942
TOI:1980.01,real,-2,False,22.21023091045941,127793615,train,,
sim:127793615:0,sim,1,True,10.786292498026366,127793615,train,0.0631911199007628,1.0702237853631698
sim:127793615:1,sim,3,True,20.49730601825277,127793615,train,0.0015489626323859,3.016502900207955
TOI:3381.01,real,-2,False,7.593708318857484,129881395,val,,
sim:129881395:0,sim,0,False,0.0,129881395,val,0.0026311004346305,1.1118691706626374
sim:129881395:1,sim,3,True,9.80826658988996,129881395,val,0.0,0.7674560120273267
TOI:1946.01,real,-2,True,25.8826588507541,127315102,train,,
sim:127315102:0,sim,1,True,26.40634605135155,127315102,train,0.036578442092098,28.200347575765694
sim:127315102:1,sim,1,True,35.25670515854832,127315102,train,0.0151547871255716,6.2402807520713495
TOI:3379.01,real,-2,False,1.3092355051680171,130191319,test,,
sim:130191319:0,sim,3,True,11.558675705491453,130191319,test,0.0005720846397757,7.866225742661805
sim:130191319:1,sim,0,False,0.0,130191319,test,0.0010931307539182,3.4706607499789928
TOI:1602.01,real,-2,False,0.0,129991079,train,,
sim:129991079:0,sim,1,True,17.335868712585903,129991079,train,0.2097381839431058,4.964068544600073
sim:129991079:1,sim,1,True,14.081263230723758,129991079,train,0.7077238608189597,0.8561495970344054
TOI:2760.01,real,-2,False,-0.1086241434831619,130611752,test,,
sim:130611752:0,sim,3,True,7.148060071067055,130611752,test,0.0008971414101868,3.397612392259197
sim:130611752:1,sim,1,True,14.377239874206731,130611752,test,0.1386105602430178,5.549167447713509
TOI:822.01,real,0,True,37.823919441428885,127530399,train,,
TOI:822.02,real,0,False,-0.2923207782597432,127530399,train,,
sim:127530399:0,sim,3,True,22.996053921157927,127530399,train,0.0020421310775238,28.560933091703625
sim:127530399:1,sim,3,True,19.989043977639685,127530399,train,0.0001084286170229,1.2088732386087857
TOI:758.01,real,-2,True,36.67131547589766,131081852,test,,
sim:131081852:0,sim,1,True,27.095853827136253,131081852,test,0.0436979852179238,29.45456928635054
sim:131081852:1,sim,2,True,40.40393057295747,131081852,test,0.015354298040227,1.1940913343309012
TOI:600.01,real,-2,False,0.0510841612826937,134396419,val,,
sim:134396419:0,sim,0,False,0.0,134396419,val,0.000438277951505,1.224392712127096
sim:134396419:1,sim,3,True,17.204075216058996,134396419,val,0.0,10.666262757825429
TOI:1314.01,real,-2,False,21.29813199187765,136848581,train,,
sim:136848581:0,sim,1,True,20.128993826060547,136848581,train,0.1033335765344422,0.979390985396261
sim:136848581:1,sim,0,True,25.717222524746248,136848581,train,0.0067860192747095,0.9108291588339312
TOI:4148.01,real,-2,True,15.60202178485478,137157546,train,,
sim:137157546:0,sim,0,True,45.63833686188839,137157546,train,0.022663634084526,7.213027150795542
sim:137157546:1,sim,1,False,0.0,137157546,train,0.0025480172322723,5.621494573277998
TOI:5576.01,real,-2,False,0.0,137543637,train,,
sim:137543637:0,sim,2,True,16.216782770846205,137543637,train,0.004996964767307,0.8924912927837368
sim:137543637:1,sim,0,False,0.0,137543637,train,0.0004054152764169,0.8490922239269443
TOI:4570.01,real,0,False,-0.2293965437435504,137402055,train,,
sim:137402055:0,sim,3,True,13.353296341723924,137402055,train,0.0008652694262012,4.735004910005126
sim:137402055:1,sim,1,False,0.0,137402055,train,0.0021255264600278,10.43565174587606
TOI:1608.01,real,-2,True,11.102866807855207,138017750,train,,
sim:138017750:0,sim,3,False,0.0,138017750,train,0.0003262743642505,25.237323259155048
sim:138017750:1,sim,2,True,17.757601894956338,138017750,train,0.0336502551668108,0.8528628312810588
TOI:4485.01,real,0,True,13.252860018356744,137903329,train,,
sim:137903329:0,sim,1,True,26.468086909497444,137903329,train,0.1232854682723857,3.626812555236288
sim:137903329:1,sim,0,False,0.0,137903329,train,0.0005402793466656,0.5035010778661851
TOI:3808.01,real,-2,True,33.76127379852615,138497780,val,,
sim:138497780:0,sim,0,False,0.0,138497780,val,0.0004016808023576,0.5262237001191217
sim:138497780:1,sim,2,True,16.856639567635465,138497780,val,0.0111008179270993,1.6937023135294462
TOI:1601.01,real,0,False,17.137985622222214,139375960,train,,
sim:139375960:0,sim,2,True,16.160403409399425,139375960,train,0.0552373461851312,5.163118285174717
sim:139375960:1,sim,2,True,13.939015736313952,139375960,train,0.0071413807744963,7.533594894819385
TOI:1429.01,real,-2,False,-2.356075863569993,138968089,train,,
sim:138968089:0,sim,0,False,0.0,138968089,train,0.0019562417130193,13.935781106091492
sim:138968089:1,sim,0,False,0.0,138968089,train,0.0009250333724926,2.472241622702376
TOI:1962.01,real,-2,False,9.624052137424917,141663464,train,,
sim:141663464:0,sim,1,True,22.15638447801612,141663464,train,0.1763827116391932,10.96814665588379
sim:141663464:1,sim,1,True,16.927169351243734,141663464,train,0.0113198823944186,0.6219104240078747
TOI:3862.01,real,0,True,24.669480820268507,141205978,val,,
sim:141205978:0,sim,3,True,9.561391430676238,141205978,val,0.0004547143231573,4.4375847768137655
sim:141205978:1,sim,2,True,19.88226249550567,141205978,val,0.0131490432234725,1.753841006289093
TOI:449.01,real,0,True,23.317678447321384,139528693,train,,
sim:139528693:0,sim,2,False,0.0,139528693,train,0.0041769542520367,4.511590285997726
sim:139528693:1,sim,2,False,0.0,139528693,train,0.0009224796958778,21.4106133900101
TOI:4737.01,real,0,True,11.711289605862476,142532090,train,,
sim:142532090:0,sim,0,True,9.859339204413294,142532090,train,0.0018984522830918,2.2217481001735626
sim:142532090:1,sim,3,True,11.48316467358625,142532090,train,0.0007638338858659,4.37466163834302
TOI:6508.01,real,0,False,24.99452616750156,142277868,train,,
sim:142277868:0,sim,3,False,0.0,142277868,train,0.0,19.26532618013436
sim:142277868:1,sim,0,True,31.63605568293908,142277868,train,0.0227538493486624,1.7607283791267232
TOI:803.01,real,-2,False,6.440664816824704,143526444,val,,
sim:143526444:0,sim,1,True,36.42778278658384,143526444,val,0.849821073461887,2.72083254398194
sim:143526444:1,sim,2,False,0.0,143526444,val,7.971795085159883e-05,4.119163203092845
TOI:1021.01,real,-2,True,11.11131477225079,143994283,train,,
sim:143994283:0,sim,1,True,16.128637305946405,143994283,train,0.4035034277597225,1.316586801800936
sim:143994283:1,sim,2,False,0.0,143994283,train,6.349749503253843e-05,0.804745787915101
TOI:532.01,real,0,True,27.223358139146804,144700903,test,,
sim:144700903:0,sim,3,True,18.33940698196341,144700903,test,0.0,27.12573508026213
sim:144700903:1,sim,2,True,19.279349210481325,144700903,test,0.0207574335750475,15.302805182533096
TOI:596.01,real,-2,True,13.758910773321697,144956678,train,,
sim:144956678:0,sim,3,True,17.441953374813245,144956678,train,0.0,3.3774331433400957
sim:144956678:1,sim,1,True,16.95412213369009,144956678,train,0.3642746956210551,3.285944688060213
TOI:3846.01,real,0,True,47.23757999667631,149918151,train,,
sim:149918151:0,sim,0,True,12.880311004295816,149918151,train,0.0047001869842504,8.206582697911053
sim:149918151:1,sim,1,True,26.01132147204231,149918151,train,0.012683356334097,1.0085483551690784
TOI:718.01,real,-2,False,0.0793172506231081,150247134,val,,
sim:150247134:0,sim,1,True,29.82618438390365,150247134,val,0.4860337289034978,10.129269703681564
sim:150247134:1,sim,0,False,0.0,150247134,val,0.016311231121771,20.43061568746701
TOI:2818.01,real,0,True,49.59783467234369,151483286,val,,
sim:151483286:0,sim,3,True,18.767169178298605,151483286,val,0.0,24.4077877086293
sim:151483286:1,sim,1,True,33.23439441632214,151483286,val,0.0647019456388154,1.04759039463771
TOI:672.01,real,0,True,57.90702056153713,151825527,train,,
sim:151825527:0,sim,3,True,15.845671887849864,151825527,train,0.004142872106036,28.916201583435026
sim:151825527:1,sim,2,False,0.0,151825527,train,0.0037670593395235,23.31082063263295
TOI:4270.01,real,0,True,43.58966759259519,151920165,train,,
sim:151920165:0,sim,0,True,23.83302853507777,151920165,train,0.0361393076853124,25.573243187165875
sim:151920165:1,sim,3,True,40.76778314912144,151920165,train,0.0,0.9948870244543244
